Tcrit,elite_fracture_prob,time_to_elite_fracture,weeks_below_elite_crit,avg_loyal,peak_protest,end_displaced_m,mean_elite,min_elite,mean_stab,min_stab
42.0,1.0,65.0,91.0,0.01999690361811415,0.5835590560088129,0.9652883208207946,0.37345181904794134,0.3142099990458946,0.14662323128151855,0.0
16.0,1.0,30.0,126.0,0.018843677388063283,1.0,2.6058435008409937,0.32893831880149105,0.28918733047198,0.058743037349638705,0.0
15.0,1.0,25.0,131.0,0.016066184678760715,1.0,3.021992517287514,0.3139160843760773,0.27623622521129404,0.055740653911643734,0.0
15.0,1.0,26.0,130.0,0.2982660781522246,1.0,3.1199724518883043,0.3258430704519016,0.2943368684680196,0.05258457177891718,0.0
20.0,1.0,27.0,129.0,0.021219311797986966,1.0,2.5874234016814976,0.3200890785484267,0.27830919787921554,0.07064738987840723,0.0
19.0,1.0,34.0,122.0,0.016022255783671082,1.0,2.5462860296890004,0.3359478082114738,0.29114321670564686,0.06692335760042432,0.0
11.0,1.0,23.0,133.0,0.07657996788351773,1.0,2.2495473996834985,0.3301539680548234,0.29626235954654867,0.04298336829723976,0.0
31.0,1.0,47.0,109.0,0.0727450217514232,1.0,2.150324310770065,0.353185177298444,0.2997342570958059,0.10234526640561944,0.0
73.0,0.0,157.0,0.0,0.0184673065222065,0.3049318102841351,0.662442484338634,0.4262015499114886,0.36135433316750876,0.3275632986291747,0.12679198119607388
57.0,1.0,86.0,70.0,0.02114053345580203,0.5459505715672558,0.9258135812621703,0.3906437333220569,0.3152258691351478,0.20805347942292668,0.0
33.0,1.0,48.0,108.0,0.015591830922637504,1.0,2.2351488740591035,0.345437545681459,0.2906666268131386,0.10876098050926092,0.0
22.0,1.0,33.0,123.0,0.016166840930617796,1.0,2.307000877188634,0.3280155079648069,0.28349038537332816,0.08129243342120086,0.0
12.0,1.0,24.0,132.0,0.016406028456957752,1.0,2.6727438360808846,0.32798114370316983,0.2974967465366822,0.0461570887389966,0.0
35.0,1.0,51.0,105.0,0.01912783919942928,1.0,2.257990375330229,0.3511246692180003,0.2851124756935094,0.126209749848366,0.0
23.0,1.0,38.0,118.0,0.018294284420463575,1.0,2.32477259384046,0.34479072935203325,0.29749081008637357,0.0816778804043466,0.0
13.0,1.0,27.0,129.0,0.2735302952402639,1.0,2.6476605029760694,0.3426229045657914,0.3051492121061383,0.04941292188335625,0.0
10.0,1.0,25.0,131.0,0.018946093227890298,1.0,2.4995791337288575,0.330089060505069,0.3000017912213099,0.03893150824314178,0.0
14.0,1.0,27.0,129.0,0.09309856997215575,1.0,2.5404594302898076,0.3297035291052865,0.28828305368138546,0.05083819599007226,0.0
21.0,1.0,32.0,124.0,0.01641343210906206,1.0,2.513084277702408,0.3104609168566928,0.2629344712671617,0.07002303711789683,0.0
33.0,0.0,157.0,0.0,0.5948929434187189,0.3051367688657022,0.34509234877303835,0.5087359838933436,0.37049813305867757,0.6501284652148066,0.1425739565077514
45.0,1.0,74.0,82.0,0.015093257200056387,0.41323400763130647,0.7479670584079476,0.37843723028730747,0.31692037044430726,0.16450700089549977,0.0
30.0,1.0,52.0,104.0,0.022461800205534063,0.4851862415854484,1.1157995894274724,0.3597714490570277,0.310103378935935,0.10404078167053339,0.0
27.0,1.0,39.0,117.0,0.020618546945245255,1.0,2.6965298215140434,0.3274824105465837,0.2743575299886049,0.09186379585945195,0.0
11.0,1.0,31.0,125.0,0.021847112355112067,1.0,2.564775434442242,0.32322424312627235,0.2812542298236878,0.05409468953872713,0.0
12.0,1.0,27.0,129.0,0.016687115884208657,1.0,2.9517408063518866,0.31652663383413815,0.2755353807834249,0.046997409776809475,0.0
7.0,1.0,29.0,127.0,0.017461321543298734,1.0,2.206923936337799,0.3237810425229916,0.27980182409539534,0.04023762100108268,0.0
15.0,1.0,32.0,124.0,0.020771754042645457,1.0,2.320954667959,0.34769199140917745,0.3144668638262306,0.05567863222769642,0.0
30.0,1.0,47.0,109.0,0.016288665584190898,1.0,2.1391116458960457,0.35414134157103294,0.2958092905108475,0.10729544203119186,0.0
20.0,1.0,34.0,122.0,0.021963175714333913,1.0,2.7741101471202323,0.33431539649850844,0.29254519465960516,0.06834709730924314,0.0
22.0,1.0,35.0,121.0,0.01803779248512604,1.0,3.086794549620248,0.3363508331367355,0.2916031039399243,0.07319410173148491,0.0
24.0,1.0,38.0,118.0,0.015608636984022298,1.0,2.4128965769203465,0.3363824209581316,0.28639083825645545,0.08846791635793454,0.0
60.0,1.0,79.0,77.0,0.020497768108919307,0.6074526130161819,1.0004091004320457,0.3807119046505205,0.3004023530554355,0.22633790379410934,0.0
26.0,1.0,39.0,117.0,0.019172793563009903,1.0,2.641895132391674,0.3392141120476829,0.28832792978139693,0.08885877632661379,0.0
47.0,1.0,63.0,93.0,0.022248871747293,0.7912860485357446,1.2540622257679503,0.36661327652082915,0.28795524359744185,0.17622454511611693,0.0
25.0,1.0,38.0,118.0,0.017117135404480514,1.0,2.8183112507897015,0.3409346872611974,0.2941642727496734,0.09246230674987277,0.0
24.0,1.0,35.0,121.0,0.023858176931469254,1.0,2.5237011011340997,0.3302695690362585,0.2855029505057834,0.08189731586347491,0.0
29.0,1.0,44.0,112.0,0.016444274704155788,1.0,2.1194580868328914,0.3470513612649386,0.2952969254809997,0.10304382520026827,0.0
12.0,1.0,25.0,131.0,0.016909862959228892,1.0,2.850809571560585,0.3286840112255381,0.29612631301523096,0.046998544843447516,0.0
14.0,1.0,26.0,130.0,0.016079623576894776,1.0,2.4067042303009694,0.32745845320581335,0.29435519451413367,0.052057281071269085,0.0
157.0,0.0,157.0,0.0,0.2528988649310567,0.2670434173657794,0.43939683347659814,0.4925422586226397,0.4256512424786271,0.5911036789641525,0.3373564349565716
16.0,1.0,28.0,128.0,0.016575507902582033,1.0,2.429571769543515,0.32064692606510686,0.2817624805375814,0.06016786176099373,0.0
23.0,1.0,33.0,123.0,0.08697034749843564,1.0,2.7169569905053153,0.34111625676277,0.2947141328567734,0.08067896938205354,0.0
49.0,1.0,65.0,91.0,0.01735360768831753,0.704912784670706,1.283529467224275,0.36478474179354403,0.287511954134965,0.17892102258535736,0.0
21.0,1.0,31.0,125.0,0.021212456871497636,1.0,3.027872459592032,0.33429215318775657,0.2966156426561956,0.0756145359741124,0.0
24.0,1.0,38.0,118.0,0.01893285944014585,1.0,2.38991722179901,0.32918670422662544,0.27125176755316105,0.08982666259755025,0.0
24.0,1.0,33.0,123.0,0.03774282527120248,1.0,2.7201200160058066,0.32744542894950657,0.2775627157496497,0.08083103325629032,0.0
27.0,1.0,40.0,116.0,0.01974853406189852,1.0,2.459768231695449,0.33165734474527275,0.2797287720887666,0.09319671794728297,0.0
16.0,1.0,30.0,126.0,0.020926258416267565,1.0,2.215603557144806,0.3253707734307,0.28565543376589325,0.05999160657999015,0.0
35.0,1.0,59.0,97.0,0.01883512991855029,0.38054780364871366,0.9798123474128472,0.36805181453120805,0.31144834554864587,0.1277665158109388,0.0
26.0,1.0,40.0,116.0,0.019095297432277374,1.0,2.615584028515458,0.35264201938169804,0.30525334690998546,0.09174210102653957,0.0
30.0,1.0,47.0,109.0,0.022575834707521253,1.0,2.0062683536595123,0.3537946004309217,0.296000989141883,0.10360037948136917,0.0
25.0,1.0,41.0,115.0,0.01851019240967169,0.9247826692424043,1.3666891320637027,0.34153759838894093,0.2824086581117561,0.08545683873963036,0.0
27.0,1.0,40.0,116.0,0.016626587697084076,1.0,2.2759876851050893,0.33011518459335004,0.27557623510451745,0.09029820533589761,0.0
19.0,1.0,32.0,124.0,0.023217265134602167,1.0,2.5291487929612355,0.3396826481831975,0.3014412930353838,0.06731294173220596,0.0
17.0,1.0,28.0,128.0,0.022788024006000544,1.0,2.4499705360329584,0.3230365432667045,0.28564508845020203,0.06235733933612684,0.0
15.0,1.0,28.0,128.0,0.0170380922474044,1.0,2.282585574794549,0.31901462448204415,0.2793396943812678,0.05510517447357109,0.0
25.0,1.0,44.0,112.0,0.024000153090732924,1.0,1.845955091896034,0.35448697695753495,0.29882428917452336,0.0856869083840584,0.0
44.0,1.0,68.0,88.0,0.033349793931593444,0.8469584677324494,1.3210767007654804,0.3677083343896375,0.29550103591782434,0.17351585843449271,0.0
65.0,0.0,157.0,0.0,0.018669764779552598,0.2208882928283935,0.545647612789893,0.419379740070806,0.38323065927502425,0.31039197657899653,0.22621748145595222
59.0,1.0,103.0,53.0,0.02220952575616254,0.35696213570188756,0.7495905016086513,0.39709313887093317,0.3187778888520688,0.24236334103186727,0.0
14.0,1.0,26.0,130.0,0.02115352508514226,1.0,2.9006196000030866,0.31697310013974656,0.27966387797637926,0.052071838752555916,0.0
157.0,0.0,157.0,0.0,0.016013847955368244,0.16060873574313966,0.44149939512819414,0.4773259109131031,0.45816036239188357,0.5894169123795012,0.453285757846242
18.0,1.0,30.0,126.0,0.01828585638833582,1.0,2.6297719443272682,0.3257766466049359,0.2840428838286562,0.06528037899597625,0.0
67.0,0.0,157.0,0.0,0.2293653382097785,0.36293113004153743,0.49996877988856653,0.4726895731219767,0.3964636390027369,0.5280247999787233,0.24288156486260687
21.0,1.0,35.0,121.0,0.01621921214986132,1.0,2.908164753054421,0.3390756443696307,0.29782550682486725,0.07277286855307781,0.0
18.0,1.0,28.0,128.0,0.09308452831354225,1.0,2.3673459952547242,0.31707893348810273,0.27375295842050534,0.06349919612268547,0.0
22.0,1.0,36.0,120.0,0.015930349481238587,1.0,2.343145382035321,0.32784374663677,0.2767734339560486,0.08187699023008187,0.0
22.0,1.0,37.0,119.0,0.01563857755262124,1.0,2.5684129546005257,0.3353931427366942,0.28734409365365443,0.07155406525305184,0.0
25.0,1.0,40.0,116.0,0.019252147722029298,1.0,2.3801599979483403,0.3416904189436424,0.29151854632046353,0.08204732299795313,0.0
17.0,1.0,27.0,129.0,0.01768568773988226,1.0,2.7479400409047856,0.30534541671696364,0.2630150277576319,0.06324473512009025,0.0
157.0,0.0,157.0,0.0,0.47836678711090624,0.23373242698970498,0.3678495462421952,0.5335201565235794,0.45000942276069306,0.8034476761858088,0.5265488373715798
24.0,1.0,35.0,121.0,0.06424306945761729,1.0,2.5505170453823798,0.34518310136592173,0.3008789447054572,0.08658368756429141,0.0
157.0,0.0,157.0,0.0,0.02124438774099464,0.15174451898972485,0.6441104797680275,0.48214270199423315,0.4504924848345739,0.6048601958025952,0.5160386498929957
104.0,0.0,157.0,0.0,0.01783969797803503,0.16357893940322754,0.6718664489559033,0.44284837373554464,0.395426138367777,0.39765359776808196,0.27250062496819333
24.0,1.0,42.0,114.0,0.017953954180180937,1.0,1.838507733435093,0.3478298389959106,0.2951359461236474,0.08595788431643281,0.0
37.0,1.0,56.0,100.0,0.02027966513908533,0.4289408769139592,0.8804222347778127,0.3572894981739984,0.298910926198949,0.13408917951809782,0.0
157.0,0.0,157.0,0.0,0.02043667116401431,0.18793434862249825,0.7225653091122497,0.45114323951626545,0.4306992020129504,0.422669669795891,0.38445541742613487
25.0,1.0,36.0,120.0,0.02216324325174586,1.0,2.6959530111940144,0.32966846511943054,0.28029964349822556,0.0911865515005093,0.0
71.0,0.0,157.0,0.0,0.01715365907544318,0.25278800222869247,0.6690360331991697,0.42691040014674686,0.36954399887407885,0.3265861445382408,0.1695293576803041
16.0,1.0,34.0,122.0,0.020550162078704127,1.0,2.622208261870979,0.33554375238005263,0.2938095379936061,0.06252083694050115,0.0
40.0,1.0,62.0,94.0,0.022846270608000707,0.5491662245940975,1.0870818279542982,0.3682840142563278,0.311966630516022,0.1433887605686251,0.0
10.0,1.0,31.0,125.0,0.01765266303882167,1.0,2.686589227464675,0.3244294884456944,0.278584223555654,0.046571139253924226,0.0
25.0,1.0,45.0,111.0,0.022416663308390056,1.0,1.9477246091061424,0.35192104879607494,0.29212278936668384,0.08357426747183383,0.0
37.0,1.0,52.0,104.0,0.023180448443030258,1.0,1.816550593245864,0.35844264149089583,0.2891484001890823,0.1391255815642157,0.0
18.0,1.0,31.0,125.0,0.019158009101812964,1.0,2.508794586309259,0.32976483656026406,0.28931864401644825,0.06568757148836349,0.0
54.0,0.0,157.0,0.0,0.5127243081115387,0.4715681007874797,0.7016073760790001,0.4780481392316041,0.3981215633848909,0.5501931035215025,0.2597427690451046
10.0,1.0,27.0,129.0,0.015951545738024018,1.0,2.683259125430277,0.3210618475610422,0.2810568280813626,0.04163278894298591,0.0
31.0,1.0,47.0,109.0,0.018562559873949728,1.0,1.7856761574386601,0.3417964537692997,0.2840770920388707,0.10345064567125384,0.0
22.0,1.0,32.0,124.0,0.016222658157181477,1.0,2.9904488656000874,0.32363862420622164,0.28014990810198714,0.07871504511197804,0.0
31.0,1.0,56.0,100.0,0.020106634322415433,0.5455574583955125,1.017356790736535,0.3662582655313192,0.31046342942407784,0.11349487674629473,0.0
36.0,1.0,51.0,105.0,0.024125332325875826,1.0,2.1019461759586697,0.3546845711255774,0.2934944285328994,0.12992866786659377,0.0
157.0,0.0,157.0,0.0,0.015927231784825444,0.15194565671585722,0.6693899436032267,0.47300315700906226,0.4434452878630013,0.50700194832943,0.4401521821856506
31.0,1.0,49.0,107.0,0.022144277761483255,1.0,1.65603592780449,0.3604824111362224,0.29520307993399675,0.11109311624834052,0.0
22.0,1.0,33.0,123.0,0.01943219669471996,1.0,2.486514403379582,0.3397271945416777,0.2997922947149883,0.0792346521946046,0.0
55.0,1.0,80.0,74.0,0.07273676704814269,0.5502314387459061,0.8493551786742454,0.39267880235419633,0.3245627275537701,0.224616239001085,0.0
24.0,1.0,39.0,117.0,0.01858576245877442,1.0,2.0545876682703597,0.344528215589973,0.2927461256880376,0.08399536908022366,0.0
22.0,1.0,37.0,119.0,0.01666411130402744,1.0,2.71058373116918,0.3341747581018629,0.2824818949586034,0.07738995161870336,0.0
42.0,1.0,59.0,97.0,0.01607368463827945,1.0,1.8389748167090583,0.3626602233354105,0.2964387638297378,0.15851101071355314,0.0
28.0,1.0,40.0,116.0,0.01955230151140753,1.0,2.512462951199312,0.33993673725941875,0.29087394803135275,0.10313605651137252,0.0
11.0,1.0,25.0,131.0,0.01783277818699489,1.0,2.9730010653647745,0.3139729803667182,0.2792710594398803,0.04401061359791454,0.0
67.0,1.0,111.0,45.0,0.01844917733042623,0.27483442056082724,0.5653978519314093,0.39618679279154934,0.3342194630881022,0.31298933274664936,0.13017957003230032
21.0,1.0,38.0,118.0,0.020784323986525657,1.0,2.2815305299829682,0.34483809969195517,0.29939374287118925,0.07434775919014339,0.0
157.0,0.0,157.0,0.0,0.4971829640681747,0.226032932379161,0.5055052418632128,0.5249864913507448,0.4407733816943805,0.7315234925662352,0.4446619372933152
37.0,1.0,64.0,92.0,0.021766630533967622,0.41107904030146697,1.04717619688123,0.3753911275028099,0.31913781751522213,0.13247847133557636,0.0
157.0,0.0,157.0,0.0,0.0221076006380245,0.3064341722860345,0.796984143247872,0.4564650248992636,0.40712001910453843,0.4936298569689053,0.3506369656950281
24.0,1.0,49.0,46.0,0.5597579243821884,0.4898375657439301,0.5094498855428327,0.432905709454741,0.32722034780208914,0.39421273936477047,0.0
157.0,0.0,157.0,0.0,0.44725135426469037,0.2988820733876512,0.39557543455949434,0.5173359219212269,0.4335400020278774,0.7422444938740268,0.44444741839052215
36.0,1.0,55.0,101.0,0.0982920439086947,0.725545779466025,0.925097068470735,0.37425808557913115,0.318423893996431,0.13305839061436858,0.0
21.0,1.0,36.0,120.0,0.0168733751840396,1.0,2.451203422586946,0.3494529812927431,0.30459107556137127,0.07768777813824058,0.0
18.0,1.0,33.0,123.0,0.06914918611045746,1.0,1.93908733761783,0.3398163133390367,0.29916682312090803,0.0645286511214522,0.0
29.0,1.0,52.0,104.0,0.02034606215067721,0.4965434370174011,1.0281614228883935,0.36431212033492877,0.3092720623762004,0.10575138883025001,0.0
17.0,1.0,30.0,126.0,0.022509349211413437,1.0,2.2736501658594275,0.3258126239179045,0.2848817758385421,0.05856004504587393,0.0
28.0,1.0,44.0,112.0,0.020817984287650162,1.0,2.3998894664168477,0.3560563536147346,0.3053388623603008,0.09885569145206047,0.0
38.0,1.0,56.0,100.0,0.016516088938962684,0.8565511959080212,1.594211244199915,0.36170629176414504,0.2958902680891758,0.14426608966658622,0.0
54.0,1.0,79.0,77.0,0.019443743730116207,0.44213920146429153,0.833679006350235,0.3814172381221068,0.3044503481527354,0.20349416703364323,0.0
18.0,1.0,28.0,128.0,0.018239821578216086,1.0,2.626977717884211,0.3243864859898529,0.2853377363184934,0.0674569664164126,0.0
157.0,0.0,157.0,0.0,0.017969101536583817,0.17420972560213357,0.6443980678472645,0.47731125885989645,0.4468652675810559,0.5493039425131891,0.49030568243212097
15.0,1.0,27.0,129.0,0.020974976514240674,1.0,2.366569777832668,0.3271265495256104,0.29149273653559266,0.05515963405664034,0.0
42.0,1.0,65.0,91.0,0.0161971559967003,0.6300154732710879,1.0794121887002133,0.3805977054813789,0.3153942602193781,0.162511629889886,0.0
22.0,1.0,37.0,119.0,0.01672710101038081,1.0,2.823209153125447,0.3371629793328821,0.2872461311923876,0.07925805968063283,0.0
15.0,1.0,30.0,126.0,0.016209931825479196,1.0,2.328897407411976,0.319121631224301,0.27514886207990746,0.056520940054251664,0.0
54.0,1.0,74.0,82.0,0.02085162041435049,0.5630267778798418,1.131745395012282,0.37696311008835576,0.3011665826506199,0.21106441339404214,0.0
25.0,1.0,40.0,116.0,0.019989986956554618,1.0,2.4688440832015024,0.33966578835115585,0.2896652361737022,0.08721839757373814,0.0
16.0,1.0,26.0,130.0,0.01799765531364154,1.0,2.6149196637953667,0.3060017546585742,0.266597150950172,0.05552016337563429,0.0
48.0,0.0,157.0,0.0,0.021177892274006505,0.26555388966764576,0.4463772027256401,0.4108872014633558,0.3696632055436524,0.28233468419882557,0.1834251572019604
90.0,0.0,157.0,0.0,0.017598181715086623,0.3207729414256305,0.8528073240986087,0.4349427215832725,0.3760686200543966,0.3598745160661854,0.1832984246160812
12.0,1.0,28.0,128.0,0.01968023066691014,1.0,2.431199742945997,0.3340537647789389,0.30010791494030153,0.04910298531174774,0.0
21.0,1.0,30.0,126.0,0.21854866747025112,1.0,2.5188751733222627,0.3314073353174059,0.2878690090490577,0.07825990779436615,0.0
20.0,1.0,33.0,123.0,0.02164751557580557,1.0,2.385439139858705,0.3306634325993328,0.29134958095794733,0.0688530139450224,0.0
62.0,1.0,89.0,67.0,0.016783620186162255,0.48731767465967896,1.1662545388089391,0.392771270095817,0.3123787883087211,0.23081611762990498,0.0
61.0,1.0,100.0,56.0,0.01748722981611466,0.4334701145052075,1.0397172079824135,0.40154016873096465,0.31797189072186266,0.25372057193029474,0.0
36.0,1.0,57.0,99.0,0.018504945795950276,0.7641540094957415,1.2019551859020947,0.37267038119793544,0.311553868588079,0.13213436975648632,0.0
21.0,1.0,30.0,126.0,0.017680739871786273,1.0,3.100372670025829,0.326380675511103,0.28907511507889233,0.07259573987216814,0.0
157.0,0.0,157.0,0.0,0.020652061688938635,0.1628887084653242,0.5436501366603027,0.44561141357072015,0.412512570833445,0.39492898429270396,0.31862787093139755
15.0,1.0,26.0,130.0,0.017069675478627182,1.0,2.771218021763896,0.31256355882137216,0.2733973466372106,0.05462085400034137,0.0
31.0,1.0,42.0,114.0,0.22495231204844154,0.9800859390312515,2.1585402486327023,0.3416595017733111,0.292247675728726,0.10745240057754299,0.0
33.0,1.0,50.0,106.0,0.01579734431372038,1.0,2.092432855855861,0.35855320994563294,0.30028007050662103,0.11688380904776355,0.0
34.0,1.0,48.0,108.0,0.024762208903545614,1.0,2.024378469042628,0.35527767150285117,0.2995922609305526,0.1258508134622201,0.0
157.0,0.0,157.0,0.0,0.019777131697601105,0.19835471883407996,0.7109304649802491,0.4346154184723635,0.40345760960867105,0.4579930391907267,0.39308586539880885
33.0,1.0,46.0,110.0,0.01771147861061036,0.9308678813159119,1.448956846674524,0.34057811320361614,0.2754234744808281,0.10934395021973216,0.0
17.0,1.0,26.0,130.0,0.020259121038534243,1.0,2.603194669024832,0.3158606492292738,0.2784473274489247,0.061230740548306795,0.0
20.0,1.0,37.0,119.0,0.01991385621253505,1.0,2.4470974045619664,0.34435549322722314,0.29990292181680633,0.07321848726627028,0.0
26.0,1.0,42.0,114.0,0.20293692287038892,1.0,2.0374687617583427,0.3541109648368056,0.3134184944728666,0.08685281043766858,0.0
21.0,1.0,34.0,122.0,0.02287607026914186,1.0,2.269532317631981,0.319743919405407,0.26658978376442327,0.070659602216663,0.0
42.0,1.0,62.0,94.0,0.02152937934442907,0.8774398269932864,1.7189676345787814,0.37985865353159565,0.31625715467281024,0.1493661290636929,0.0
23.0,1.0,36.0,120.0,0.1254001695536385,1.0,2.2290682039046565,0.33849211949924385,0.29846627854815627,0.07960198807116016,0.0
16.0,1.0,26.0,130.0,0.01733821707972812,1.0,2.631948650746669,0.3146486793409986,0.27891215072891157,0.05703655520003059,0.0
39.0,1.0,70.0,86.0,0.021738910286921136,0.38891744071592244,0.71910832576134,0.3880535431297676,0.33048560852257197,0.14787274989121849,0.0
27.0,1.0,39.0,117.0,0.019019855276246878,1.0,2.49152803662632,0.3352580001176742,0.28061592979205174,0.09626113067459224,0.0
28.0,1.0,46.0,110.0,0.018926015101086956,1.0,2.2827633968785395,0.35391779840709264,0.29983672584269494,0.09880316818353692,0.0
39.0,1.0,51.0,105.0,0.021706283091423344,0.8828196616862002,1.67853672148445,0.34101585098220294,0.2678221383764051,0.14859036666019385,0.0
26.0,1.0,36.0,120.0,0.02286868124631761,1.0,2.447014951334767,0.3367730284750526,0.29161599420553863,0.09187068702894502,0.0
21.0,1.0,39.0,117.0,0.021670923729240423,1.0,2.5060910587881673,0.3438636626355888,0.29944423278775334,0.07159283092427866,0.0
12.0,1.0,29.0,127.0,0.023246794020315185,1.0,2.2645728236636313,0.32203160179922374,0.2812485059689098,0.048408930646788764,0.0
25.0,1.0,34.0,122.0,0.015370241197607451,1.0,2.515422244072162,0.32410106155248086,0.2771162501488193,0.08565607350395434,0.0
18.0,1.0,35.0,121.0,0.016116744265056056,1.0,2.3943392164710855,0.3547895950496787,0.31367636867309767,0.06444243731671133,0.0
15.0,1.0,30.0,126.0,0.015111684993648088,1.0,2.7106296259767135,0.33717845841703875,0.2998510999876547,0.054757485108521534,0.0
25.0,1.0,40.0,116.0,0.02163186388785819,1.0,2.3369646852167167,0.34020366449973183,0.2884729785371185,0.09268732292035918,0.0
38.0,1.0,65.0,91.0,0.0162298860879063,0.4741767813767561,0.8571008625901113,0.3655705542501003,0.30667132654529045,0.1358353577018485,0.0
13.0,1.0,27.0,129.0,0.09766370580120466,1.0,2.4805263269347417,0.33196725870685667,0.2927521693168472,0.048766212220048906,0.0
17.0,1.0,33.0,123.0,0.02080842961996921,1.0,2.5360659136777226,0.3371061527381823,0.29740089684399706,0.06349828614341717,0.0
19.0,1.0,32.0,124.0,0.016024197728493964,1.0,2.8775043312402477,0.33758614062407777,0.2986027262003763,0.06693981851480005,0.0
25.0,1.0,42.0,114.0,0.2187916671233898,0.5516361182253495,0.7904369243487401,0.35723597576715194,0.31305489251981344,0.098412659478177,0.0
31.0,1.0,45.0,111.0,0.018873873013437504,1.0,2.422967764087819,0.3560996437959837,0.3023528465096831,0.1133840092402295,0.0
29.0,1.0,47.0,109.0,0.02180512516261962,0.9128006947217878,1.3775617362823425,0.36035098350548783,0.3078561488118132,0.10400643177016906,0.0
157.0,0.0,157.0,0.0,0.015988392019044225,0.161489700833364,0.688621505171349,0.4876399762815801,0.46241791825441164,0.5766636333328108,0.5312824068283095
28.0,1.0,44.0,112.0,0.07661991742638333,0.896066090036484,1.293202153687902,0.35560923426477625,0.3090770045678053,0.09793826137152149,0.0
34.0,1.0,89.0,67.0,0.040194841595449886,0.6270570991464127,0.8394966886148426,0.38613783414481867,0.3322862166083653,0.1552666009843709,0.0
9.0,1.0,26.0,130.0,0.0230639809023394,1.0,2.482300687504861,0.31648651974508185,0.28058603943525934,0.043247228874376584,0.0
20.0,1.0,32.0,124.0,0.018547588034938726,1.0,2.557057614128836,0.31554437107280875,0.2652661141404184,0.06959316999592359,0.0
36.0,1.0,52.0,104.0,0.02078940418012645,0.9099218769399665,1.6124584145996248,0.35309729122926253,0.28684139108091905,0.12323300427727783,0.0
23.0,1.0,36.0,120.0,0.016135514040437695,1.0,2.284643338284838,0.34028661218285977,0.2975513619787335,0.07782028452821657,0.0
12.0,1.0,27.0,129.0,0.017898939013284647,1.0,2.7547758247199803,0.32343573915359725,0.2868785209839819,0.04646616591993917,0.0
16.0,1.0,26.0,130.0,0.017375563481793737,1.0,2.285835837178428,0.3169815774549588,0.2745076764793132,0.0582865877419378,0.0
34.0,1.0,44.0,112.0,0.01639118568436072,1.0,2.0091979544931444,0.33143450713170136,0.27073652205048654,0.12015354654520546,0.0
157.0,0.0,157.0,0.0,0.5945163006490031,0.34363850151588426,0.3888311912139217,0.5058178384322084,0.40874878231838796,0.7321850709815702,0.37991976292364915
36.0,1.0,50.0,106.0,0.017178434025470073,1.0,1.6562122312870027,0.35217613325221325,0.2885361870978178,0.1364170100853456,0.0
16.0,1.0,31.0,125.0,0.02182366509324073,1.0,3.0726745536255136,0.335099106169487,0.2969575926570286,0.058561027126808586,0.0
21.0,1.0,34.0,122.0,0.10032667944652279,1.0,2.492363532937718,0.34823807140742646,0.3071795715184071,0.07382027308471742,0.0
30.0,1.0,45.0,111.0,0.018888009236746155,1.0,1.789117560839355,0.34334340977317895,0.28817382164783556,0.101248652899019,0.0
31.0,1.0,44.0,112.0,0.021084399838550268,0.92564139251085,1.5529828973789372,0.3356400151784161,0.27261235998151007,0.10883926507668293,0.0
13.0,1.0,27.0,129.0,0.017535828801505223,1.0,2.53068454733793,0.32810920669768634,0.2930195899055837,0.04899937612672922,0.0
21.0,1.0,37.0,119.0,0.019743591391843198,1.0,2.369163912313368,0.3372413280522058,0.2876632027298345,0.07538142142608022,0.0
51.0,1.0,73.0,83.0,0.017100951657522376,0.581913713586858,0.8427972642365162,0.375101736602502,0.3086510198655956,0.189430099767424,0.0
41.0,1.0,58.0,98.0,0.020612931989019947,1.0,1.9051172629007533,0.35600779854807624,0.28256881116654786,0.13978353741994362,0.0
16.0,1.0,26.0,130.0,0.1948317230844364,1.0,2.3904169559321864,0.3269211445769084,0.28616364785144494,0.05890440026426194,0.0
23.0,1.0,33.0,123.0,0.021568562880110546,1.0,2.268645873719766,0.31689441135994356,0.2700238487876101,0.07886659792883896,0.0
32.0,1.0,52.0,104.0,0.017967425471877976,0.9500059221135585,1.6420852719990335,0.3642832240977443,0.3045213545535395,0.10707281628713247,0.0
27.0,1.0,39.0,117.0,0.01938607952110766,1.0,2.2536808025584967,0.333969779151622,0.28117584587205774,0.09623011480612996,0.0
45.0,1.0,65.0,91.0,0.019077523925413325,0.9662081557614385,1.4607135328694836,0.3815889386204447,0.31924688166315146,0.16766605814993962,0.0
71.0,1.0,111.0,45.0,0.017302443777901164,0.4667278446887311,0.9263428371528727,0.4176075689811945,0.32893103981201166,0.2770947639642634,0.0
46.0,1.0,66.0,90.0,0.01670036652524396,0.8173463366640966,1.3072236644718875,0.3770129401267702,0.3056515857187291,0.16797942082110473,0.0
29.0,1.0,42.0,114.0,0.01851406340975536,1.0,1.781188365490902,0.330539081427014,0.2667981490555857,0.10450391919928241,0.0
69.0,1.0,122.0,34.0,0.018705523902870124,0.3063701383773213,0.8313774337147203,0.4036355183494756,0.33677471043085216,0.3119852495415454,0.11219332829910003
18.0,1.0,31.0,125.0,0.015238772877451269,1.0,2.449991873932721,0.32721768235882664,0.28322248057518234,0.0629296960418094,0.0
18.0,1.0,29.0,127.0,0.016002511829390654,1.0,2.825635659264629,0.32744699914141806,0.29079075336335874,0.06689193630530038,0.0
13.0,1.0,25.0,131.0,0.01674280157894217,1.0,2.8583427950918456,0.3293885904388122,0.29741377502766486,0.04799689471294514,0.0
15.0,1.0,26.0,130.0,0.11194749703537218,1.0,2.9711464023897305,0.3183573707433216,0.27507223123920266,0.05350919621666826,0.0
157.0,0.0,157.0,0.0,0.49677667101689577,0.15901659849501387,0.34016801753945036,0.5490104122108244,0.462754240870474,0.76564823544217,0.47163240099834786
30.0,1.0,46.0,110.0,0.018342670213016606,0.9825945450519801,1.6327150824867924,0.3476065755265453,0.2827840399706412,0.10541054008835606,0.0
10.0,1.0,23.0,133.0,0.019407736007173246,1.0,2.6834294227914826,0.3230626052939959,0.2912782742215743,0.03900665175735277,0.0
52.0,1.0,86.0,70.0,0.015120538363832666,0.4690308613963923,0.8784983699789192,0.38831020933868926,0.3172152359781843,0.20006962934731973,0.0
16.0,1.0,32.0,124.0,0.01855964751536834,1.0,2.448979669749174,0.32835109451496164,0.28339117773830097,0.058419611714528516,0.0
82.0,0.0,157.0,0.0,0.01656296162653878,0.20052120704875442,0.6215444863644636,0.41748991813507036,0.37541738420281145,0.35710413719746015,0.2502854173434162
157.0,0.0,157.0,0.0,0.01722924936428807,0.2446153732152423,0.5593165071411376,0.43129136005097296,0.38067619358963606,0.44377415149666194,0.3125116251845797
29.0,1.0,42.0,114.0,0.017475223031834828,1.0,2.480225294770505,0.34026695018147274,0.2865651727299571,0.10148044827065643,0.0
31.0,1.0,45.0,111.0,0.02002155469931519,1.0,1.7083554388680544,0.3438430660694425,0.2883022056087674,0.10635225243544195,0.0
11.0,1.0,23.0,133.0,0.01615195259569288,1.0,2.7965747506809797,0.30571216952713787,0.27022835282408,0.04316945873252795,0.0
23.0,1.0,42.0,114.0,0.016774688489525465,1.0,1.9346504793576411,0.34008322393658336,0.2784368012198312,0.08113001186501811,0.0
28.0,1.0,40.0,116.0,0.019552757117426434,1.0,2.5661372902560706,0.3271261815444879,0.2687432789061421,0.09802368453242258,0.0
25.0,1.0,36.0,120.0,0.020383800327326968,1.0,2.463883779998719,0.32917351647836884,0.2774311418343941,0.09325953021084137,0.0
157.0,0.0,157.0,0.0,0.017005600662084418,0.16775789172535044,0.657214854393514,0.4480498558905208,0.420499663113748,0.5651441548199836,0.5231202115891618
14.0,1.0,29.0,127.0,0.021648248280898286,1.0,2.4675410434449114,0.3408008773869882,0.3025118963925288,0.051194213663699153,0.0
18.0,1.0,29.0,127.0,0.01808297181508816,1.0,3.1061014508065132,0.33877867486745505,0.30295975610877585,0.0671793879019223,0.0
31.0,1.0,49.0,107.0,0.0971849641782195,1.0,1.8755474995693084,0.3616966900103807,0.3074516449971595,0.10936796922015624,0.0
62.0,1.0,120.0,36.0,0.01655470417697482,0.3687610372059843,0.6224484212989698,0.407123729441013,0.33672549640508775,0.27242625284307326,0.059240035469851765
23.0,1.0,33.0,123.0,0.018506627394308646,1.0,2.1067416869183653,0.33657220012738,0.2905441142227958,0.08104976885342592,0.0
24.0,1.0,37.0,119.0,0.022067886792188778,1.0,2.4425334858412957,0.3363420753774043,0.2906899927566675,0.08198259360513498,0.0
25.0,1.0,41.0,115.0,0.021093572304652964,1.0,1.9885015522999558,0.35876354096727964,0.31500044120874865,0.08909020267464769,0.0
29.0,1.0,49.0,107.0,0.017605557674164187,1.0,2.2605582870961993,0.35680228652053386,0.2998188269458981,0.0997863021871215,0.0
42.0,1.0,58.0,98.0,0.017660998647555947,1.0,1.9399379157093894,0.369675310302908,0.2986229314341291,0.16035295149967496,0.0
24.0,1.0,39.0,117.0,0.03914054176520965,1.0,1.9534630549227363,0.34874369436298774,0.30547327959883824,0.08432932992648869,0.0
157.0,0.0,157.0,0.0,0.021451606400213673,0.20367911855910542,0.8049772400120816,0.442937098364617,0.4143031947449905,0.40844390371365197,0.3483934322554581
22.0,1.0,33.0,123.0,0.022522586276757427,1.0,2.972394746224203,0.3424718628134116,0.29876180126864255,0.08572972042371862,0.0
18.0,1.0,30.0,126.0,0.015970875477359224,1.0,2.552503598608025,0.3160898532602079,0.2715893873196444,0.0628219483128172,0.0
30.0,1.0,45.0,111.0,0.02199686893931199,1.0,2.589651500280537,0.3502673270246014,0.2954461474722413,0.11321905528766853,0.0
33.0,1.0,46.0,110.0,0.017337967119008573,1.0,2.247141493254322,0.3520782199675672,0.295085127851935,0.11535795027735414,0.0
39.0,1.0,62.0,75.0,0.18494788601849463,0.4482478356751005,0.7743656524971603,0.38380768459740894,0.3160889358092716,0.2062346127515505,0.0
21.0,1.0,34.0,122.0,0.022437203206746786,1.0,2.3008957171188755,0.3336571881634486,0.2906484441905222,0.07685763533101635,0.0
16.0,1.0,30.0,126.0,0.01959879993309526,1.0,3.0640122788373296,0.33394545582073787,0.2942229918320246,0.05823913070730559,0.0
16.0,1.0,29.0,127.0,0.015429765250547204,1.0,2.782933950541335,0.33008220170122105,0.2927377762978804,0.058491227100263,0.0
19.0,1.0,32.0,124.0,0.01641269865049764,1.0,2.3402214350849855,0.32682150499859447,0.28267906291713274,0.06553581781932767,0.0
58.0,1.0,96.0,60.0,0.01688896816695187,0.31206232761991903,0.7811353603209286,0.3938081881226324,0.32158393980768013,0.24066230424691726,0.01148234197758832
20.0,1.0,30.0,126.0,0.01712518098391655,1.0,2.561057136224236,0.3353820652188999,0.29432608266468846,0.07285740693574858,0.0
36.0,1.0,51.0,105.0,0.017630559885982135,1.0,2.2450444826417333,0.3534541835935043,0.297019850850464,0.12251790746264131,0.0
157.0,0.0,157.0,0.0,0.02262777925769659,0.15089650495978557,0.5947955099108623,0.44706185458931913,0.4162181188092791,0.3886282696103729,0.31216856649818225
37.0,1.0,52.0,104.0,0.019205462730390865,1.0,2.329130848445675,0.35916297008648845,0.29653315310776135,0.13219268133180584,0.0
32.0,1.0,51.0,105.0,0.01906401987069745,0.7360715455795814,1.2123573719530274,0.35741603391507837,0.2956781702915802,0.11365761492928837,0.0
25.0,1.0,38.0,118.0,0.021808675094558975,1.0,2.5161722891958056,0.33125060888682856,0.2801012794651635,0.08315999359253014,0.0
12.0,1.0,33.0,123.0,0.0163496122588636,1.0,2.3015539981476896,0.3383109179372177,0.29682655265863406,0.052052229030734636,0.0
16.0,1.0,29.0,127.0,0.02010641685169455,1.0,3.0859011956175975,0.33075732850670303,0.2929879576207498,0.05836414597320894,0.0
40.0,0.0,157.0,0.0,0.5455191869645709,0.5005638516004753,0.45880872147260493,0.5064777120414575,0.39341056431151555,0.6525804631564341,0.2429030615147526
22.0,1.0,33.0,123.0,0.016084159611545436,1.0,1.9973631725955043,0.33148316161390157,0.2865859786986213,0.07902242698702985,0.0
27.0,1.0,38.0,118.0,0.020172102785891488,1.0,2.473853901750249,0.3241993021436465,0.2681503426124892,0.09627655199927765,0.0
17.0,1.0,30.0,126.0,0.0208881947102381,1.0,2.446032903579432,0.3305727579359228,0.2932498697255496,0.06066505588548242,0.0
48.0,1.0,68.0,88.0,0.015812627179505444,0.6114472820169752,1.1914821800474444,0.37255072595092625,0.30285679905342383,0.17662058766948374,0.0
69.0,0.0,157.0,0.0,0.01860038061628923,0.19942845476806909,0.6850504717491966,0.4322116654120157,0.3984001188189819,0.3514035788738615,0.2716239787311009
23.0,1.0,35.0,121.0,0.01610788890227599,1.0,2.077229414025952,0.3368536025020777,0.2952100366304364,0.08462966585068928,0.0
12.0,1.0,27.0,129.0,0.018053716933489686,1.0,2.6601554094440263,0.3206991395346515,0.28252628906820354,0.048106273659077034,0.0
11.0,1.0,27.0,129.0,0.01895221072091079,1.0,2.8163331558323548,0.3299934613677126,0.29679015122193747,0.045106450144700876,0.0
19.0,1.0,40.0,116.0,0.019130037554364057,1.0,1.806554424618972,0.3456521250269963,0.29046163450048207,0.06737795896189439,0.0
11.0,1.0,24.0,132.0,0.019087720223606303,1.0,2.730734706458566,0.3225835542092407,0.29153672942281855,0.04253311369254881,0.0
39.0,1.0,62.0,94.0,0.02138118043296514,0.6383840375020845,1.0522684845054904,0.375512839567093,0.3166639388671002,0.14271682143681044,0.0
157.0,0.0,157.0,0.0,0.2264425123865783,0.16674647894709593,0.5193189526860867,0.4981223634751726,0.43200494810976625,0.6377675349617936,0.41715183520595356
24.0,1.0,39.0,117.0,0.017854471621188323,1.0,2.6787721828778066,0.3420666466691718,0.29266154222320334,0.0819007634004027,0.0
51.0,1.0,103.0,23.0,0.11103559633236784,0.39376095077948864,0.5784193459075058,0.4103310967436262,0.3460923626284507,0.2741440072057927,0.06723219734001781
15.0,1.0,28.0,128.0,0.020030322670417954,1.0,2.678251874754566,0.32721273845835863,0.29080958465386125,0.055466207466454996,0.0
18.0,1.0,35.0,121.0,0.019350999976415317,1.0,2.531861332996981,0.33056777305690727,0.2846850248099398,0.06460175477550432,0.0
11.0,1.0,26.0,130.0,0.021984226972179634,1.0,2.927378457914834,0.32722498603340394,0.294344065633559,0.04364060991559075,0.0
25.0,1.0,38.0,118.0,0.015785434938597034,1.0,2.0568416169646486,0.34116852688078736,0.29699138008786047,0.08718788603761857,0.0
13.0,1.0,29.0,127.0,0.016480754156502377,1.0,2.2304483635661443,0.32469171404567077,0.2841099719901237,0.050785607650384236,0.0
26.0,1.0,41.0,115.0,0.017424715675913607,1.0,2.4457713081391135,0.3478345133192449,0.29934186445916483,0.09164640793466003,0.0
28.0,1.0,39.0,117.0,0.015780833143330928,1.0,2.2807994228705537,0.33981108370329555,0.2915243851291932,0.10179995288573111,0.0
26.0,1.0,37.0,119.0,0.020465331579126497,1.0,2.0538301122596505,0.33508341086638993,0.282657318005435,0.0936431920684244,0.0
19.0,1.0,37.0,119.0,0.01665565251980089,1.0,2.2948027285094224,0.35025644413362156,0.30591563040778874,0.06664100913069748,0.0
19.0,1.0,37.0,119.0,0.019482511909991992,1.0,1.9304957544778185,0.331062860947266,0.2760041158230518,0.06887163158703015,0.0
26.0,1.0,40.0,116.0,0.01638320019054687,1.0,2.180691019316515,0.3301783311759595,0.2770319398503167,0.08607645951714209,0.0
28.0,1.0,39.0,117.0,0.026679647510653055,1.0,2.21925644069333,0.3416452244568879,0.2871299001157336,0.1074153267793814,0.0
93.0,0.0,157.0,0.0,0.022521680907666097,0.22526666227985448,0.6828157925686751,0.4403846043658643,0.3933156847098728,0.3840613679828358,0.2536938272209202
22.0,1.0,35.0,121.0,0.016882934634558103,1.0,2.602675301249289,0.3278365163481926,0.27728913872058336,0.0790264379058824,0.0
19.0,1.0,32.0,124.0,0.0222159664460773,1.0,2.666110818320399,0.32773931350726715,0.286062300920642,0.06951110831209252,0.0
21.0,1.0,33.0,123.0,0.02240264580405424,1.0,3.2166862092408337,0.3410296088339722,0.30128936176521653,0.07472826542883482,0.0
157.0,0.0,157.0,0.0,0.518982650316244,0.45982890719997416,0.49021480151383257,0.5064178733342903,0.40523861108890924,0.6890644422762016,0.30140261670208074
24.0,1.0,38.0,118.0,0.020788349323289806,1.0,2.4987125145892315,0.34566497898306736,0.29762061043094956,0.08409188990101703,0.0
14.0,1.0,30.0,126.0,0.022354459877817118,1.0,2.9271204637436035,0.3272915665934676,0.2859110341973046,0.05181685229740929,0.0
73.0,1.0,129.0,27.0,0.01700793445964815,0.3920468648198902,0.8272319723097291,0.4134575927764419,0.33336849948703695,0.29213822943177464,0.026494855182262113
28.0,1.0,39.0,117.0,0.33133250145672855,1.0,2.679341886698355,0.3481213738518996,0.30086441442536976,0.09995305949220384,0.0
33.0,1.0,57.0,99.0,0.0171037753972717,1.0,1.7144528508226882,0.3716575895700694,0.3155220399949698,0.11479397268839009,0.0
157.0,0.0,157.0,0.0,0.01997122163995278,0.15725725416984493,0.7081327144119793,0.4699710888697186,0.44678435414020834,0.5740901985972673,0.5345596581682273
15.0,1.0,28.0,128.0,0.02078156906133624,1.0,2.6423352381380623,0.3220745935423133,0.2855918672259338,0.05379528504902282,0.0
20.0,1.0,34.0,122.0,0.016950169781834487,1.0,2.2396493871050303,0.33791610954608803,0.29626670861845616,0.06798649015329508,0.0
64.0,1.0,103.0,53.0,0.020867079336158573,0.5569772325169932,0.8715886388248076,0.407325329989028,0.3218321964201192,0.25263444893119613,0.0
33.0,1.0,51.0,105.0,0.018189625742958477,1.0,1.7961390541476987,0.35640985402989983,0.29059226931078963,0.11835367615308857,0.0
27.0,1.0,44.0,112.0,0.020111096403148787,1.0,2.424405237085082,0.350033952671854,0.29750703930533334,0.08951866241398197,0.0
31.0,1.0,43.0,113.0,0.01636382621786273,1.0,2.798650126626423,0.345858438743675,0.29211872702447766,0.11224939796781737,0.0
18.0,1.0,31.0,125.0,0.016450129089373655,1.0,2.745969383611107,0.3368855915574209,0.2977066611534384,0.06473071807812628,0.0
15.0,1.0,28.0,128.0,0.020701237355569845,1.0,2.6886050319455617,0.32873995569162606,0.2907590800089523,0.05554360418153532,0.0
16.0,1.0,29.0,127.0,0.015458080775576569,1.0,2.751927776801724,0.3284494178472671,0.2914220448395576,0.05828863161675601,0.0
24.0,1.0,38.0,118.0,0.016892932656119564,1.0,2.0640656306058274,0.3352855290992042,0.2870119824242312,0.08130469004140692,0.0
39.0,1.0,59.0,97.0,0.016404193287480575,0.5174857283841815,0.9677999602548227,0.3670801920814488,0.31050089493898964,0.14053468963296345,0.0
38.0,1.0,48.0,108.0,0.019217626154922045,1.0,2.128722687432134,0.3393168863011659,0.2708139079100677,0.1366100572510167,0.0
157.0,0.0,157.0,0.0,0.46394986033399566,0.21995671270554296,0.3618892076134358,0.5353465049615606,0.45302946044759745,0.7419041018541327,0.46187624202917404
32.0,1.0,44.0,112.0,0.021795738650914054,1.0,2.425097431061323,0.3317202681183429,0.27641755820570607,0.10468369172482206,0.0
157.0,0.0,157.0,0.0,0.5090006697256201,0.26487387116789757,0.3744898956848943,0.5565057313388152,0.47472289694221703,0.8016176304157424,0.5195249149508705
22.0,1.0,35.0,121.0,0.021047428932963606,1.0,2.9934972530695867,0.34586239897085425,0.303885386054305,0.07670172661692841,0.0
30.0,1.0,49.0,107.0,0.018087667246315057,0.7942990909573608,1.496371110280479,0.36193361156695875,0.3088404075846946,0.10897846364320866,0.0
16.0,1.0,28.0,128.0,0.015830184403459745,1.0,3.0230159881400627,0.3397141648361938,0.3041126218874261,0.059195951863705444,0.0
26.0,1.0,36.0,120.0,0.015879981083978503,1.0,2.6319718845679896,0.3316157215513134,0.28485712537713914,0.09438062272173159,0.0
22.0,1.0,38.0,118.0,0.0783971600790324,1.0,2.2175595071312384,0.35233718496408667,0.31061658936150327,0.07766208242499671,0.0
19.0,1.0,43.0,113.0,0.015831973654648886,0.9035703509700338,1.7003725332203996,0.3449270840172289,0.2881689873611689,0.07436760059668995,0.0
25.0,1.0,40.0,116.0,0.2302929040612696,0.9588307601067545,1.7532235742558022,0.3489686254038541,0.30558962301817993,0.08684412028775121,0.0
157.0,0.0,157.0,0.0,0.675323684068077,0.32611129950430606,0.4780420562828035,0.5428481793905092,0.42423711579184864,0.7322830477225479,0.3080253278466724
11.0,1.0,27.0,129.0,0.01635366064123158,1.0,2.8438365855898935,0.33105330430570673,0.2973267770569063,0.0445069314926229,0.0
17.0,1.0,33.0,123.0,0.021109362883571545,1.0,2.0851716154003523,0.33157345137505584,0.2840247887813447,0.06193974162967739,0.0
32.0,1.0,47.0,109.0,0.02025422064251361,1.0,1.708218528302206,0.3388409356741303,0.282605668447851,0.10493355381142595,0.0
11.0,1.0,26.0,130.0,0.018878528498495698,1.0,2.8280061889412673,0.3284437180350505,0.2922268213368283,0.04370222736183152,0.0
30.0,1.0,52.0,104.0,0.1063094902768517,0.6854691975910417,0.9619234490730891,0.363081092734004,0.3189729097690916,0.10644011813249123,0.0
14.0,1.0,28.0,128.0,0.017081610067414814,1.0,2.468274104521945,0.3316492061527735,0.29598586205897087,0.05239427615271792,0.0
35.0,1.0,46.0,110.0,0.016198390549136958,1.0,2.2530307446665785,0.33498643133555467,0.27329083017948536,0.12463675935376888,0.0
41.0,1.0,58.0,98.0,0.017934024669460848,1.0,1.7865963607730422,0.36699079303553733,0.30831705702987816,0.14733798393210173,0.0
23.0,1.0,45.0,111.0,0.01828583053620067,0.7305597537560252,1.3123083524642702,0.3422143196416216,0.29132496380156503,0.08632081459332432,0.0
157.0,0.0,157.0,0.0,0.6056197044185674,0.29926184877052153,0.38502163210997004,0.5512414562491141,0.42570623683383685,0.7611358562954291,0.348886393968523
25.0,1.0,35.0,121.0,0.023038486550575422,1.0,2.755119144145196,0.3306009027661867,0.28480527672840455,0.08566934820728594,0.0
23.0,1.0,35.0,121.0,0.016534371732156765,1.0,2.273312493335934,0.324748905501819,0.2753106611443254,0.08055407108504067,0.0
18.0,1.0,37.0,119.0,0.018508645357891543,1.0,2.0375401541871527,0.34334336355910633,0.2942974466438399,0.06640502908007827,0.0
32.0,1.0,45.0,111.0,0.020153014091638062,1.0,2.571311558914689,0.3505945639569652,0.29670031209244174,0.11580067979825485,0.0
31.0,1.0,44.0,112.0,0.018568185264518186,1.0,2.123593804492391,0.3443796974046331,0.284778910620271,0.11095145418033138,0.0
54.0,1.0,79.0,77.0,0.020976539314351148,0.6198189364043171,1.170211185773445,0.39141727669264725,0.3155300891829167,0.20093859316014906,0.0
22.0,1.0,42.0,114.0,0.017139695568638338,1.0,2.058032172932981,0.35595377714606197,0.3075021117528939,0.07782876411054544,0.0
26.0,1.0,36.0,120.0,0.02024376679335695,1.0,2.357268320841946,0.3325282673532963,0.28788879331478856,0.09301577084352718,0.0
9.0,1.0,28.0,128.0,0.015570936958685947,1.0,3.0094233055268873,0.32077705924447514,0.2802978515537911,0.037610286480851685,0.0
24.0,1.0,38.0,118.0,0.017390649588758925,1.0,2.521206216535542,0.3340831391091548,0.2849784676927129,0.08563582977320437,0.0
20.0,1.0,33.0,123.0,0.022715810493775527,1.0,2.573323309078677,0.3282630327768384,0.2824050953405576,0.07125590702485948,0.0
19.0,1.0,34.0,122.0,0.016042933965677936,1.0,2.106756248872477,0.3435489833241419,0.3029063413844371,0.06784662028182173,0.0
13.0,1.0,27.0,129.0,0.047084624787513296,1.0,2.2550579966817614,0.32787468381147167,0.28595740256457025,0.04788705811015627,0.0
12.0,1.0,36.0,120.0,0.022160950437585973,1.0,2.3253862495806783,0.34564946383719786,0.3031166538714747,0.056081455931512196,0.0
27.0,1.0,41.0,115.0,0.01956396378271775,1.0,2.086051055593388,0.3436966839418976,0.2921081439576867,0.097179254262672,0.0
157.0,0.0,157.0,0.0,0.016915560799118275,0.15606006998378033,0.5483285018976077,0.4675060929810478,0.4487677928301373,0.5714531428395576,0.47929323561703885
24.0,1.0,37.0,119.0,0.02021311168692655,1.0,2.196437884607346,0.3266720255457641,0.27597805241543594,0.08087496385170635,0.0
64.0,0.0,157.0,0.0,0.01595459062973647,0.26492411707446084,0.8407861451137892,0.42175525006823716,0.35712325395719086,0.29820252144720943,0.10637420747544449
53.0,1.0,67.0,89.0,0.017480390869878366,0.7963104049859975,1.0471546987186973,0.36768362364271295,0.2840507486852799,0.2073127667499474,0.0
32.0,1.0,48.0,108.0,0.018673234513792627,1.0,1.8405725614492925,0.35524304492834957,0.2969992669872173,0.11319413529972448,0.0
20.0,1.0,35.0,121.0,0.019571243462939935,1.0,2.3736798858157684,0.3439741774297219,0.303285857455396,0.06961269362254133,0.0
22.0,1.0,34.0,122.0,0.022187799794887723,1.0,2.834541691761825,0.3309542425922199,0.2865861790221629,0.07846852990453658,0.0
26.0,1.0,36.0,120.0,0.015521760893238357,1.0,2.437408763309981,0.3234818242663423,0.27306562769191595,0.09608864304492809,0.0
13.0,1.0,32.0,124.0,0.018302236402025877,1.0,2.1037757312273286,0.33708053916149283,0.29741793149345813,0.05370437872875824,0.0
34.0,0.0,157.0,0.0,0.5645576975216494,0.4161612938132206,0.35366075485166076,0.49036496861463974,0.3828138496450642,0.6222115039335873,0.2009040112843151
31.0,1.0,47.0,109.0,0.021532367181498653,0.8948366736813167,1.4536618042968175,0.34859127172444804,0.2901814310889291,0.10594449536945266,0.0
20.0,1.0,32.0,124.0,0.019278344385858143,1.0,2.059424986763068,0.33330445641755,0.2877994707577173,0.07056899899205885,0.0
58.0,1.0,78.0,78.0,0.017141322582946296,0.8280253681813499,1.2889726061142581,0.38349980674732737,0.2973518452373359,0.21274950639113221,0.0
16.0,1.0,35.0,121.0,0.017539792368394664,1.0,2.2968170868188302,0.34126995315173997,0.29582180371658834,0.057908434400737785,0.0
75.0,1.0,116.0,40.0,0.02329476126105494,0.37489402681781475,0.758441559140415,0.40897911646002016,0.32391891227585407,0.31465166946807066,0.036768841060081374
48.0,1.0,79.0,77.0,0.01656577058799538,0.3311596222451268,0.82171733884374,0.3836794193947944,0.31481212456287033,0.1796955713051665,0.0
35.0,1.0,45.0,111.0,0.021345516001674263,1.0,2.3796213105554322,0.3300128420316785,0.2667748108282279,0.12444787177791383,0.0
17.0,1.0,31.0,125.0,0.017852843588787845,1.0,2.6499872789013623,0.3211893096665392,0.27518756507724634,0.061025172739186714,0.0
28.0,1.0,40.0,116.0,0.021184543877223624,1.0,2.002356305491125,0.3402385228446127,0.291546869325994,0.09823016423955111,0.0
42.0,1.0,70.0,86.0,0.018861079050393696,0.5513133933885183,1.0836401526242891,0.3746882940063635,0.3156326853063142,0.14783281659997435,0.0
26.0,1.0,44.0,112.0,0.01573447695741371,0.4760913428023354,0.8754192877576299,0.3416195177788329,0.29149101491249474,0.09212867145408997,0.0
54.0,1.0,106.0,50.0,0.01701143372555113,0.26735157800492093,0.6575100093747673,0.3947832832407895,0.3296377360905441,0.24149204593665438,0.05382516252816779
18.0,1.0,34.0,122.0,0.01763184978042119,1.0,2.7569303181840263,0.3346966398819076,0.29083362750586456,0.06472446540561475,0.0
26.0,1.0,37.0,119.0,0.016403784827642598,1.0,2.284287782510978,0.3208346570790793,0.2697637136166577,0.09222285967216831,0.0
32.0,1.0,47.0,109.0,0.01812985620492551,1.0,2.169445181316926,0.34746633765086843,0.29361461779175635,0.10865870881846326,0.0
17.0,1.0,30.0,126.0,0.020234739637544654,1.0,2.7567663357818377,0.3216634628587354,0.2777922954557456,0.06048617144995046,0.0
22.0,1.0,33.0,123.0,0.02356072713088653,1.0,2.4630153050544257,0.31431539430382527,0.2647094402542644,0.07706632641179237,0.0
23.0,1.0,37.0,119.0,0.016777303517173905,1.0,2.2866449901430284,0.3389443491884009,0.29141157913038995,0.08041886092679423,0.0
27.0,1.0,41.0,115.0,0.015987820396766945,1.0,2.06604167696003,0.3518034844279741,0.3039559895688847,0.09438537431868657,0.0
40.0,1.0,62.0,94.0,0.015767037814602893,0.6543616668522296,1.2364861632272324,0.37817739438267556,0.3141270382603924,0.15386571927743148,0.0
29.0,1.0,42.0,114.0,0.01638927505121029,1.0,2.547569483125805,0.3393309193434458,0.2806389184182845,0.10685843352533243,0.0
31.0,1.0,50.0,106.0,0.015795294564652833,1.0,1.8169781821428026,0.36117872079813385,0.2984196383243884,0.10236260110287136,0.0
40.0,1.0,59.0,97.0,0.018044419166315356,0.6771087820538099,1.3103371980772909,0.36091954037425195,0.3004351217837068,0.14345633941347435,0.0
157.0,0.0,157.0,0.0,0.018128705541636966,0.16188847238677295,0.57205333233853,0.43151387137341946,0.3989170094493234,0.442408016458642,0.3817374629873613
28.0,1.0,46.0,110.0,0.45156279846496916,0.9627842551082268,2.022979540452321,0.36784694353782127,0.32124401016138204,0.09599292739691315,0.0
44.0,1.0,62.0,94.0,0.017355807361392632,0.760234554585059,1.1663163580638733,0.36874988509274004,0.29754233521730533,0.16027861920707961,0.0
27.0,1.0,40.0,116.0,0.021701240101760215,1.0,2.8273865778430163,0.3483508861770863,0.30331355478006544,0.09005556892868058,0.0
35.0,1.0,49.0,107.0,0.02086363531449132,1.0,2.61970776814336,0.36044123383855275,0.30094974125634116,0.13378624376995302,0.0
22.0,1.0,36.0,120.0,0.02196931713549059,1.0,2.3667209917654715,0.3345699166632386,0.28719076881898536,0.07507437138809912,0.0
26.0,1.0,40.0,116.0,0.016934719125245763,0.8692529138210113,1.4780295791168125,0.3358804055925299,0.2801286413373563,0.0931826211234615,0.0
34.0,1.0,52.0,104.0,0.016717246225658438,1.0,2.081630816652306,0.35780463342615004,0.2954454779320219,0.12304492364885661,0.0
14.0,1.0,24.0,132.0,0.018090667331454997,1.0,2.9980519433861295,0.3160471119855578,0.28151376749008256,0.051801076122784145,0.0
35.0,1.0,49.0,107.0,0.017505170459646828,1.0,2.4091602025739625,0.3513304177892749,0.29425625386654025,0.12717297599653377,0.0
26.0,1.0,40.0,116.0,0.015569784597114467,1.0,2.5240117559172144,0.3475020299534742,0.2968975476281573,0.09385200210637043,0.0
55.0,1.0,81.0,75.0,0.020439799876955676,0.489452493479671,0.7561877485652325,0.38355774471430737,0.3103468017005595,0.20873085764914956,0.0
16.0,1.0,30.0,126.0,0.01684696912243854,1.0,2.450173010716629,0.32624803289283977,0.28386016941476583,0.05823852774030523,0.0
26.0,1.0,41.0,115.0,0.021301024778307476,1.0,2.1123953083625273,0.3433958889689346,0.29331611582842493,0.08831277525991107,0.0
21.0,1.0,38.0,118.0,0.015324814615927438,1.0,2.592179027763059,0.3345405647593756,0.28081960998547245,0.07392814325027165,0.0
40.0,1.0,56.0,100.0,0.021599045590626913,1.0,1.8126931549133187,0.3617581822883963,0.2886099820549484,0.1501326544396152,0.0
23.0,1.0,32.0,124.0,0.016438794838748987,1.0,2.606992547108886,0.3238334710348329,0.27947291482289577,0.0820425123339529,0.0
18.0,1.0,27.0,129.0,0.02084912681606652,1.0,2.0900461997675146,0.3246204227049068,0.27967244368594385,0.06702609672377097,0.0
11.0,1.0,27.0,129.0,0.020602796846709577,1.0,3.0323704497439135,0.32717225315158,0.291607368728148,0.0469009559435677,0.0
157.0,0.0,157.0,0.0,0.37178614786259645,0.3083425602399804,0.35875466997061506,0.5026668247971762,0.40668679171990696,0.6546283886086156,0.30153740668291124
17.0,1.0,28.0,128.0,0.016715475557736597,1.0,2.7100929165958427,0.33245691968082713,0.29307050510836213,0.061908568957936755,0.0
31.0,1.0,48.0,108.0,0.020500212952814154,1.0,2.008632759456798,0.3574713976310053,0.2979104621513567,0.11785536471397123,0.0
10.0,1.0,28.0,128.0,0.01784195083326481,1.0,2.4168406396538047,0.32050881034894857,0.2796403728317161,0.04379584168359934,0.0
33.0,1.0,54.0,102.0,0.01829710919843433,0.8108560573496906,1.2254629268399666,0.3572455995430291,0.2986200683618134,0.10944538108651418,0.0
13.0,1.0,22.0,134.0,0.023560672396144438,1.0,3.085544974984242,0.3024988458581531,0.26857017494966046,0.04809695558821656,0.0
41.0,1.0,67.0,89.0,0.016839966727159154,0.3360872535765421,0.8914064899166555,0.3679564840136113,0.3113110635082822,0.1505288106502259,0.0
25.0,1.0,36.0,120.0,0.0166799508529619,1.0,2.547727117515606,0.33133200093405957,0.2823932034629288,0.08790686891793857,0.0
19.0,1.0,36.0,120.0,0.017173678329981366,1.0,2.5733882683712612,0.347782457922193,0.3062438467577219,0.06965214555005793,0.0
24.0,1.0,43.0,113.0,0.01923303901295491,0.7371692399563894,1.439290889143307,0.3444077735095354,0.28979059681511204,0.08724875159873746,0.0
29.0,1.0,44.0,112.0,0.01653826242703724,1.0,2.264741336809036,0.34672977190798343,0.2874542462107679,0.10409155835844223,0.0
72.0,1.0,97.0,59.0,0.01744798177617338,0.5001328064132067,0.9978259728561014,0.40524710841647943,0.3082795432865804,0.2925813336766524,0.0
50.0,1.0,69.0,87.0,0.01931515409714366,0.5311700899924743,1.0892136030713166,0.36793021801230197,0.2957674580932099,0.18280352878817216,0.0
18.0,1.0,35.0,121.0,0.021355824932774086,1.0,2.3259992744315925,0.3291876773213119,0.2787137257522945,0.0637739717794856,0.0
36.0,1.0,47.0,109.0,0.017923591359162667,1.0,2.1762946521344664,0.3438673412898196,0.2782659057314598,0.14401395676679013,0.0
17.0,1.0,33.0,123.0,0.01942097636054886,1.0,2.4104257875053303,0.3356072164162363,0.29248855224020326,0.06074574538176185,0.0
21.0,1.0,37.0,119.0,0.17259605238926162,1.0,1.9923059015270925,0.3431951266534489,0.2999355244393324,0.07431634145943185,0.0
83.0,0.0,157.0,0.0,0.018676799335414867,0.16323691852878924,0.6273963113771074,0.42529027948500914,0.38542831333220406,0.3672705240802818,0.2692184328772966
24.0,1.0,40.0,116.0,0.016261769723634002,1.0,2.2937870161784013,0.3416895438379836,0.29203695002024205,0.08674038982425882,0.0
35.0,1.0,46.0,110.0,0.11313591383406268,1.0,2.0710044470788436,0.3455954440413627,0.2862651567006702,0.1334348925208901,0.0
17.0,1.0,35.0,121.0,0.015866572139771808,1.0,2.865966782472587,0.32219615223801046,0.2715319319111054,0.06453024528421075,0.0
17.0,1.0,30.0,126.0,0.017377842215118476,1.0,2.530579884012619,0.3322660000900106,0.294441263702445,0.05932548497641187,0.0
28.0,1.0,46.0,110.0,0.016164892865060246,1.0,1.9162166806917118,0.3513827380962984,0.29982909967390964,0.09767023137131724,0.0
23.0,1.0,43.0,113.0,0.01777323176636461,0.8098571682982248,1.2971139893553394,0.3426490650073218,0.289988285407327,0.08543161058690722,0.0
21.0,1.0,33.0,123.0,0.0211021772014989,1.0,2.389697474054781,0.32965563626209243,0.2853268028170028,0.07484292672722873,0.0
10.0,1.0,24.0,132.0,0.017185786462235807,1.0,2.549407073448057,0.33012322469407196,0.2999890556125379,0.03980607764709287,0.0
12.0,1.0,24.0,132.0,0.018507365723798613,1.0,2.897203150867074,0.32586430766670926,0.29430491484211685,0.04517996184666474,0.0
26.0,1.0,41.0,115.0,0.13892751691980515,1.0,2.0286614880721863,0.3515918228191013,0.30758172031194764,0.09068765908791487,0.0
24.0,1.0,38.0,118.0,0.015451149700755878,1.0,2.102267059598283,0.33264549288211664,0.28414133554992277,0.08339887717731923,0.0
18.0,1.0,31.0,125.0,0.02058043324227108,1.0,2.7892774498264594,0.3330063962097638,0.2937674297468986,0.06188840382039494,0.0
36.0,1.0,64.0,92.0,0.021528894125867455,0.48915988259622223,1.012768027263654,0.3730317631629884,0.31690140414882584,0.12907444540407878,0.0
105.0,0.0,157.0,0.0,0.021524046907741574,0.29799580624264804,0.6249331631533374,0.4235452049007813,0.3644866961577392,0.39632927478478686,0.24057310690040884
22.0,1.0,40.0,116.0,0.019535277121261383,1.0,1.5992442806134224,0.35052278204685877,0.3021174269315189,0.07984749746880293,0.0
13.0,1.0,26.0,130.0,0.025369001561804584,1.0,2.5905601257928548,0.3143203401455041,0.2732511384497048,0.04949979605697011,0.0
36.0,1.0,56.0,100.0,0.0540717292860055,0.9819137702907652,1.5968635314546444,0.36460084142957444,0.31118810709093436,0.12101020664103689,0.0
18.0,1.0,33.0,123.0,0.021677525195166723,1.0,2.1746776077794494,0.32407564237835285,0.2743511380809015,0.0622589291639915,0.0
26.0,1.0,37.0,119.0,0.015462529638834597,1.0,2.9617694949484807,0.33844537846287026,0.2912023038495936,0.08872785649595645,0.0
33.0,1.0,48.0,108.0,0.01821645365741708,1.0,2.3538373416877065,0.36323358983588816,0.30781331438879994,0.12191319424318418,0.0
11.0,1.0,31.0,125.0,0.016591231440019654,1.0,2.1036387067788875,0.32520637933296687,0.2837459491799132,0.05144782142167863,0.0
73.0,0.0,157.0,0.0,0.01875010963674635,0.1587101487274429,0.6404360234369859,0.43645470085198707,0.392429717383288,0.3203474982306209,0.20030146785500302
22.0,1.0,34.0,122.0,0.017299090784827435,1.0,2.496945304072629,0.33266479211263,0.2891174329199195,0.07833264121641371,0.0
9.0,1.0,21.0,135.0,0.015908523410386406,1.0,2.623127845336238,0.30103857418558916,0.26689900706204356,0.03389138277264203,0.0
26.0,1.0,39.0,117.0,0.022750076845175018,1.0,2.6512198951034245,0.3510032366666221,0.30628265613756206,0.08690526154654048,0.0
18.0,1.0,29.0,127.0,0.01887541648397997,1.0,3.0194233050383956,0.3212312380225158,0.28019829452605277,0.06464215464526753,0.0
16.0,1.0,27.0,129.0,0.01898789311063651,1.0,2.7136830134268313,0.32693097777317714,0.28922150118541295,0.060265060497926085,0.0
52.0,1.0,74.0,82.0,0.021632598281605936,0.7899774256760533,1.2665394254676157,0.39116332636836676,0.31162421255799316,0.2053730793441296,0.0
157.0,0.0,157.0,0.0,0.5690494932355082,0.23893055215679723,0.4869012460207087,0.5536544658165957,0.4644058852411324,0.8079809735198982,0.5364775468909514
157.0,0.0,157.0,0.0,0.4283190967826967,0.15753592914167902,0.4787691946401928,0.5371926649052736,0.45633124035068107,0.785146020101833,0.5175071991558079
28.0,1.0,41.0,115.0,0.018767264048065835,1.0,2.1606734433194967,0.3351701990066785,0.2814601930430113,0.09991432535859235,0.0
30.0,1.0,47.0,109.0,0.01617450047097567,0.9268475024360048,1.5586617607570412,0.3477532851228184,0.292316374120918,0.10503419566736696,0.0
20.0,1.0,32.0,124.0,0.021325810563677276,1.0,2.2442810945240677,0.32450667689760815,0.27969258684304327,0.07031074053127061,0.0
13.0,1.0,28.0,128.0,0.01753436136092249,1.0,2.955861375731872,0.3327505665837189,0.29832294967828227,0.04851306551984172,0.0
23.0,1.0,43.0,113.0,0.01839810126271004,1.0,2.299409161609371,0.34748648766937973,0.2979371999093642,0.08011631565188516,0.0
74.0,1.0,101.0,55.0,0.01623810347504499,0.4918869080305861,1.0141460247708316,0.39513530714589273,0.3022197743077183,0.2733746060180796,0.0
22.0,1.0,37.0,119.0,0.020915233947683666,1.0,2.769845423565296,0.3433289872551188,0.3010457128824789,0.0744162845456725,0.0
10.0,1.0,25.0,131.0,0.016128830715863234,1.0,2.9911251565979597,0.316030235066285,0.27965414981379116,0.03794960130347224,0.0
45.0,1.0,57.0,99.0,0.0232841377185437,1.0,2.3048278398939166,0.3517949310995031,0.2738521631385304,0.16769068109815471,0.0
21.0,1.0,34.0,122.0,0.01590943619222062,1.0,2.247695990407646,0.3244552313479937,0.27780800432137615,0.07032805807767363,0.0
18.0,1.0,32.0,124.0,0.015810850135353414,1.0,2.971592304029168,0.34779702181224775,0.31007611090181697,0.06405329379560037,0.0
22.0,1.0,32.0,124.0,0.02109943257130592,1.0,2.6765631275241355,0.33073108465987616,0.29090346526395305,0.07672840851812571,0.0
39.0,1.0,56.0,100.0,0.01983972153651363,1.0,1.9799709862222663,0.3606164923982176,0.2865490871589718,0.1489778472709896,0.0
32.0,1.0,44.0,112.0,0.01648271244845021,1.0,2.6997844976899916,0.3392944974656098,0.27923832667748577,0.1193641826520446,0.0
12.0,1.0,25.0,131.0,0.018096165164199214,1.0,2.5129571838264875,0.32021153026848165,0.28811689389054634,0.047048364983232796,0.0
24.0,1.0,37.0,119.0,0.021564434550793606,1.0,2.2879405183738974,0.34187263705719956,0.29950887659689085,0.08007930745412119,0.0
11.0,1.0,29.0,127.0,0.017863710764728112,1.0,2.6816665529880437,0.33178359631988014,0.2942229645724608,0.04495339617795727,0.0
8.0,1.0,24.0,132.0,0.015797535159438998,1.0,2.4046427808935147,0.3373324703639575,0.3044873981077462,0.034495345720147966,0.0
18.0,1.0,28.0,128.0,0.019050974222278347,1.0,2.768424078228549,0.3243672546039266,0.2836401659843056,0.06427780343105138,0.0
43.0,0.0,157.0,0.0,0.3646989318941857,0.2353986437105528,0.33003097195344155,0.49224388855938755,0.39859150267467364,0.5762841826159721,0.2443802564497891
75.0,0.0,157.0,1.0,0.01788639958695108,0.37301144163325906,0.7625943054514814,0.42417711008920744,0.34993474894756704,0.33407728234215534,0.10682181195691146
33.0,1.0,56.0,100.0,0.01927910608653678,0.6341047316967348,1.2737921077632053,0.3638881049938887,0.3093374892627954,0.11912801220306794,0.0
11.0,1.0,32.0,124.0,0.02099815230960978,1.0,2.251248547643165,0.33852454195438636,0.2983928512120596,0.04866085414695456,0.0
22.0,1.0,46.0,110.0,0.016110232876927855,0.6774178993443452,1.3384072722209055,0.3604621296868946,0.31505274414385886,0.08004563913153244,0.0
157.0,0.0,157.0,0.0,0.03376138702334541,0.16455631040336355,0.4724876938002255,0.4667268829580898,0.43624069516301256,0.5606381208190931,0.49006551013460253
157.0,0.0,157.0,0.0,0.11330137137383922,0.36152263229183,0.5991232545644166,0.4413417314334889,0.4016442827070425,0.5278183145772554,0.4092542219994764
32.0,1.0,55.0,101.0,0.01580335737217531,0.7875468438988026,1.4592629098490382,0.36697815348584906,0.30675685385003143,0.10886448900386782,0.0
36.0,1.0,55.0,101.0,0.018509874351362234,0.6456524852788463,1.1459095765722649,0.3596163689747457,0.2943376317254238,0.12877868249131874,0.0
30.0,1.0,50.0,106.0,0.017744976475682607,0.5959637484107368,0.9816787789060306,0.35592528520892114,0.29466688895063636,0.10796626439059463,0.0
17.0,1.0,32.0,124.0,0.01563212343870467,1.0,2.5623801460117264,0.3359413796226662,0.29515655131898266,0.061298836444532406,0.0
13.0,1.0,28.0,128.0,0.020932509980224702,1.0,2.608184535253114,0.32728333133041193,0.28791280361676075,0.04744099130612438,0.0
27.0,1.0,46.0,110.0,0.01563653190588034,1.0,2.155777015805996,0.35068703268843404,0.2945409872123187,0.0914773919022116,0.0
60.0,1.0,99.0,57.0,0.016727826774256698,0.4547566459717473,0.882686160121982,0.3982211877719584,0.31970830742021206,0.22351932857525286,0.0
19.0,1.0,30.0,126.0,0.020430776289763974,1.0,2.7417669653821526,0.33562031590825586,0.29691055682138534,0.0692717037199709,0.0
23.0,1.0,36.0,120.0,0.02068900097523712,1.0,2.478470702192543,0.332706642224005,0.28363481243455946,0.07799558071024695,0.0
68.0,0.0,157.0,0.0,0.02075856216056442,0.2542518959576128,0.811747572621212,0.41376698234775433,0.3599872261540821,0.3182618568126839,0.16341521449365368
34.0,1.0,50.0,106.0,0.02006142683609579,1.0,1.8995647171710897,0.34698973048006054,0.2824593580765796,0.11944329457570138,0.0
14.0,1.0,28.0,128.0,0.017756736515166873,1.0,2.6373467870657112,0.328847196998795,0.2916336197331409,0.05297513239927772,0.0
36.0,1.0,51.0,105.0,0.021814739784586833,1.0,2.035466471479802,0.3485184059750357,0.2773248160160483,0.12991886560002802,0.0
21.0,1.0,34.0,122.0,0.11390303390024152,1.0,2.5209098339324694,0.3467682859601851,0.3030252257873809,0.07496778121680077,0.0
157.0,0.0,157.0,0.0,0.07589292462676343,0.3656330869863467,0.6995976256394421,0.4662327209955133,0.42814962111972155,0.4819282501871477,0.3692878769579167
24.0,1.0,36.0,120.0,0.018190821162315383,1.0,2.408031779932847,0.332249533894328,0.27966480412634576,0.08538960230025389,0.0
30.0,1.0,49.0,107.0,0.020395902752905246,0.942776697416891,1.5571810307492924,0.362204675598368,0.3121088079754943,0.1056505195134781,0.0
20.0,1.0,37.0,119.0,0.019918221981485542,1.0,2.6918673606392463,0.3406448516234665,0.29564046245188563,0.07040729034240166,0.0
16.0,1.0,28.0,128.0,0.021845055445103158,1.0,2.97026632756825,0.31809783824386845,0.27870457466047976,0.0558157961287187,0.0
20.0,1.0,32.0,124.0,0.021947523521872438,1.0,2.5960904074138886,0.3302280155065969,0.28843200526939555,0.07006029905717148,0.0
17.0,1.0,32.0,124.0,0.02132146506307231,1.0,2.6066350823322058,0.33554896144538954,0.2927919569084272,0.06030734495514221,0.0
157.0,0.0,157.0,0.0,0.6556383861826336,0.23292778437233008,0.47874018702260807,0.5629790164157504,0.4689684333082354,0.8506720267160487,0.565526086600904
18.0,1.0,33.0,123.0,0.022256404156489544,1.0,2.2555068392616207,0.33491714580161014,0.292247693842073,0.06637518669756115,0.0
40.0,1.0,59.0,97.0,0.022968174896512858,0.8922404851915134,1.433087372900821,0.3648792626588985,0.3012202382117904,0.1447973258239355,0.0
35.0,1.0,50.0,106.0,0.017903995736333143,1.0,2.094886859191633,0.349488170705063,0.2866783989558293,0.12775324088772289,0.0
21.0,1.0,34.0,122.0,0.019362038174850424,1.0,2.0593900777750243,0.316682615771373,0.2653184629689453,0.07447753823351431,0.0
35.0,1.0,59.0,97.0,0.016874520142731456,0.5828880765162607,1.082794074995562,0.3696198803112573,0.311656571964579,0.11735593704600653,0.0
17.0,1.0,29.0,127.0,0.026751674511473374,1.0,2.295522845749299,0.34948055244885673,0.3085773619379963,0.0619559821880513,0.0
18.0,1.0,33.0,123.0,0.01728380384687903,1.0,2.8349329221296644,0.33184654606440556,0.2884563161762657,0.06409822199512295,0.0
24.0,1.0,38.0,118.0,0.016605668661162216,1.0,2.377744801211704,0.3451341595913531,0.3016720435834031,0.07936407192144432,0.0
33.0,1.0,43.0,113.0,0.01964287752615062,1.0,2.504627660979688,0.33847974049231244,0.2776246444280245,0.12722401000331438,0.0
37.0,1.0,64.0,48.0,0.3445423536449797,0.5150037319127725,0.638302852200245,0.41879964078607645,0.3297069001671489,0.3385214363265384,0.0
20.0,1.0,33.0,123.0,0.02252416661739839,1.0,2.561314273693528,0.33716512450916397,0.29845807333978674,0.0685664206342707,0.0
20.0,1.0,40.0,116.0,0.01677780435637627,0.6448523419536958,1.2898949445753969,0.3527447540019498,0.3063043939481547,0.07454111041049036,0.0
23.0,1.0,36.0,120.0,0.26841827839885707,1.0,2.4430564667798524,0.34924435995977215,0.310102726485494,0.08136708524918247,0.0
57.0,0.0,157.0,0.0,0.022384040074607457,0.4108501102681092,0.6788289357810386,0.40936399870934453,0.35473413826239547,0.27001614096360305,0.10959734370077492
27.0,1.0,39.0,117.0,0.07892927832313602,1.0,2.499866868795089,0.3521512051565409,0.3039196729892427,0.09744363857295608,0.0
51.0,1.0,75.0,81.0,0.0225209165766832,0.3986833171425459,0.8819186906965754,0.3785180396799493,0.3082159190951135,0.20267810860439026,0.0
113.0,0.0,157.0,0.0,0.017063038512121445,0.2558063084010683,0.8172437348924398,0.4323728745298405,0.3888165272955106,0.3879184730913766,0.29199816422048813
47.0,1.0,89.0,67.0,0.01647164310872496,0.29406386308450505,0.7169662697540424,0.38653508819911314,0.3182859930288607,0.1912302613306204,0.0
28.0,1.0,46.0,110.0,0.01640974870642702,1.0,2.244461500233443,0.357307083255105,0.30030476230347286,0.09682997151436158,0.0
18.0,1.0,28.0,128.0,0.01709445256465982,1.0,2.7739265857947157,0.3158451565978859,0.2775341891979364,0.0604350787915469,0.0
26.0,1.0,43.0,113.0,0.020130440877077944,1.0,2.1518816089798225,0.34814041765609616,0.2959550485954893,0.08965997678386281,0.0
20.0,1.0,34.0,122.0,0.01683742101392056,1.0,2.2519220789353778,0.33246234292454424,0.28794629802379645,0.07023179762246119,0.0
19.0,1.0,29.0,127.0,0.016603022264000136,1.0,2.5283448873323895,0.32354679296272476,0.2821515798437024,0.06660456246499519,0.0
40.0,1.0,61.0,95.0,0.02099394360190024,0.8252008637591411,1.152576856744082,0.3806483236653856,0.32225609276083556,0.14709223831370438,0.0
20.0,1.0,37.0,119.0,0.020373118391726692,1.0,2.474762248233184,0.3420951790446735,0.30074885863506073,0.06801143131483474,0.0
