week,year,Stab,Elite,Loyal,Info,Morale,Protest,Fiscal,CPI,Infl,EStress,Repr,Troops,Displaced,War,Sanctions,OilPrice,OilRevIndex
0,0.0,0.6014382711209318,0.6301077734959776,0.6752608194122847,0.7276941564821585,0.49697582342142627,0.18471257018808301,0.32313854940528564,101.70192307692307,0.8849999999999999,0.9949835315714759,0.517125,0.23600000000000002,0.06281541995147014,1.0,0.7,1.5,0.26100000000000007
1,0.019230769230769232,0.596349032209303,0.6131264358449371,0.5934245661169771,0.7508701442792484,0.4409602818933816,0.17038309103997507,0.19291616631888855,103.48243485809688,0.9103722901189427,0.9968963671650025,0.4969702700400353,0.26948,0.12532464354605194,1.0,0.7,1.5,0.26100000000000007
2,0.038461538461538464,0.5857500468724888,0.5984779282780538,0.5044126865422071,0.769460270126706,0.3820651201622644,0.15720738293890155,0.05916007352862443,105.34594807086246,0.9364167667362222,0.9981055274885727,0.47114087579499214,0.3006164,0.18752770354331585,1.0,0.7,1.5,0.26100000000000007
3,0.057692307692307696,0.5721466458426817,0.5856872366330219,0.4120289216200652,0.7857485654442621,0.3203859146439948,0.14534913119996123,0.0,107.29721431244569,0.963167985294275,0.9988595505283117,0.43989418354724874,0.329573252,0.24943444617055424,1.0,0.7,1.5,0.26100000000000007
4,0.07692307692307693,0.5568370591194242,0.5744095602282671,0.3192976504746892,0.8015625306922605,0.2562529645686591,0.1348544968571808,0.0,109.30903708080405,0.9749999999999999,0.9990889488055994,0.4063797860041672,0.35650312436,0.31106939990584587,1.0,0.7,1.5,0.26100000000000007
5,0.09615384615384616,0.5397720727961073,0.564379129743105,0.2262654664147584,0.8169567105665476,0.18993241754758786,0.12570328657774074,0.0,111.35858152606913,0.9749999999999999,0.9990889488055994,0.3727801697973658,0.38154790565479996,0.37246608016933797,1.0,0.7,1.5,0.26100000000000007
6,0.11538461538461539,0.5208937935992005,0.5553647344576256,0.1329628504962632,0.8319848420296572,0.1214984652557076,0.11788379925015272,0.0,113.44655492968293,0.9749999999999999,0.9990889488055994,0.33897948545086004,0.40483955225896395,0.43365577534577826,1.0,0.7,1.5,0.26100000000000007
7,0.1346153846153846,0.5001444924735171,0.5471664507300743,0.03941428606594145,0.8467001939996632,0.05102241082858491,0.11139049963330659,0.0,115.57367783461449,0.9749999999999999,0.9990889488055994,0.304887992396705,0.4265007836008365,0.4946655136079922,1.0,0.7,1.5,0.26100000000000007
8,0.15384615384615385,0.48918697265598304,0.5374542774850414,0.0,0.8523938848032434,0.0,0.11881298237243264,0.0,117.35173441668547,0.7999999999999999,0.995033198349943,0.14343910521189543,0.42804324050279047,0.5235887259979719,0.5,0.7,1.25,0.47125000000000006
9,0.17307692307692307,0.47738497768362287,0.5285693849864551,0.0,0.8583908119721719,0.0,0.12679729579129692,0.0,119.1571457154037,0.7999999999999999,0.995033198349943,0.12785908272048652,0.429500862275137,0.5521674371878915,0.5,0.7,1.25,0.47125000000000006
10,0.19230769230769232,0.46479265386756374,0.5203943151584202,0.0,0.8647149579124138,0.0,0.13458857957551004,0.0,120.99033257256374,0.7999999999999999,0.995033198349943,0.12875862179582578,0.43087831485000444,0.5804698722799251,0.5,0.7,1.25,0.47125000000000006
11,0.21153846153846154,0.45147382962109905,0.5128268246520166,0.0,0.8713568300954878,0.0,0.14219080435590586,0.0,122.85172230444934,0.7999999999999999,0.995033198349943,0.12970724368686207,0.4321800075332542,0.6085045136692021,0.5,0.7,1.25,0.47125000000000006
12,0.23076923076923078,0.4496810331440968,0.5037124914219214,0.0,0.8713173411558353,0.0,0.1629539514144654,0.0,124.41099416446735,0.6599999999999999,0.9809228026847419,0.026140704902864634,0.41859626720932425,0.6096891835654917,0.1,0.7,1.05,0.5663700000000002
13,0.25,0.44595356540485154,0.49537741213837494,0.0,0.8722715045751069,0.0,0.1831517495338424,0.0,125.99005678270868,0.6599999999999999,0.9809228026847419,0.026139520234675057,0.4055966277193233,0.6111954008992903,0.1,0.7,1.05,0.5663700000000002
14,0.2692307692307692,0.4404617232164633,0.48769751836117703,0.0,0.8741849534844677,0.0,0.20281472950495866,0.0,127.58916134956614,0.6599999999999999,0.9809228026847419,0.026168145137253206,0.3931559727273924,0.6130084762677043,0.1,0.7,1.05,0.5663700000000002
15,0.28846153846153844,0.433356671279203,0.480565562853409,0.0,0.8770255563472101,0.0,0.22197128742819006,0.0,129.20856224361833,0.6599999999999999,0.9809228026847419,0.02622554860453403,0.3812502659001145,0.6151150125773429,0.1,0.7,1.05,0.5663700000000002
16,0.3076923076923077,0.42477279798010836,0.4738889969678168,0.0,0.8807632482638612,0.0,0.24064787083223052,0.0,130.84851707209504,0.6599999999999999,0.9809228026847419,0.026310766690416303,0.3698565044664096,0.6175027893526517,0.1,0.7,1.05,0.5663700000000002
17,0.3269230769230769,0.41482974352054924,0.4675881014914041,0.0,0.8853698780663934,0.0,0.25886914625847857,0.0,132.50928671185625,0.6599999999999999,0.9809228026847419,0.026422897447915834,0.35895267477435394,0.6201606595911807,0.1,0.7,1.05,0.5663700000000002
18,0.34615384615384615,0.40363415048754575,0.46159434186746046,0.0,0.8908190695142572,0.0,0.2766581503188954,0.0,134.19113535089136,0.6599999999999999,0.9809228026847419,0.026561096341991802,0.3485177097590567,0.6230784576491409,0.1,0.7,1.05,0.5663700000000002
19,0.36538461538461536,0.39128117861896133,0.45584892195743437,0.0,0.8970860951057502,0.0,0.29403642601238794,0.0,135.894330530345,0.6599999999999999,0.9809228026847419,0.026724572085427712,0.3385314482394173,0.6262469168452793,0.1,0.7,1.05,0.5663700000000002
20,0.38461538461538464,0.37785581865430573,0.4503015133879953,0.0,0.9041477611933667,0.0,0.31102414588528743,0.0,137.6191431870763,0.6599999999999999,0.9809228026847419,0.026912582853172506,0.3289745959651223,0.629657595645646,0.1,0.7,1.05,0.5663700000000002
21,0.40384615384615385,0.36343403452090917,0.4449091400935119,0.0,0.9119823032446513,0.0,0.32764022344352156,0.0,139.36584769675844,0.6599999999999999,0.9809228026847419,0.027124432835801,0.31982868833862205,0.6333028114410308,0.1,0.7,1.05,0.5663700000000002
22,0.4230769230769231,0.348083758448485,0.43963519994741784,0.0,0.9205692902236948,0.0,0.34390241406569455,0.0,141.13472191752498,0.6599999999999999,0.9809228026847419,0.02735946909733954,0.3110760547400613,0.6371755810566817,0.1,0.7,1.05,0.5663700000000002
23,0.4423076923076923,0.3318657597491504,0.434448607409175,0.0,0.9298895371853134,0.0,0.359827406525638,0.0,142.9260472341705,0.6599999999999999,0.9809228026847419,0.027617078706710842,0.3026997843862386,0.6412695672436978,0.1,0.7,1.05,0.5663700000000002
24,0.46153846153846156,0.3148344047971148,0.4293230429244389,0.0,0.9399250252763576,0.0,0.37543090610829133,0.0,144.74010860291193,0.6599999999999999,0.9809228026847419,0.027896686115559403,0.29468369365763036,0.6455790304959681,0.1,0.7,1.05,0.5663700000000002
25,0.4807692307692308,0.29703832307379635,0.42423629642890287,0.0,0.9506588284284222,0.0,0.39072771019234787,0.0,146.57719459671813,0.6599999999999999,0.9809228026847419,0.028197750758290726,0.2870122948303523,0.6500987856180301,0.1,0.7,1.05,0.5663700000000002
26,0.5,0.27868666427386296,0.41919602987810817,0.0,0.9620750461051142,0.0,0.40572106497055915,0.0,148.2966578410258,0.61,0.9767970618543558,0.028519764852852666,0.2796707661526471,0.6547827079401505,0.1,0.5,1.05,0.6835500000000001
27,0.5192307692307693,0.25964750571722855,0.41416117683607995,0.0,0.9741582202995769,0.0,0.42043496824234394,0.0,150.0362917118532,0.61,0.9767970618543558,0.028862251383153424,0.2726449232080832,0.6596685122061186,0.1,0.5,1.05,0.6835500000000001
28,0.5384615384615384,0.2399559995248226,0.40911844790848767,0.0,0.9868943266703065,0.0,0.43488187891098196,0.0,151.79633282616535,0.61,0.9767970618543558,0.029224746608987304,0.2659211915101356,0.6647524151918358,0.1,0.5,1.05,0.6835500000000001
29,0.5576923076923077,0.21963805656760158,0.4040568109807934,0.0,1.0,0.0,0.4490738092430894,0.0,153.57702057662615,0.61,0.9767970618543558,0.029606829800109195,0.2594865802751998,0.6700310584362692,0.1,0.5,1.05,0.6835500000000001
30,0.5769230769230769,0.19844635294464513,0.3989669374194982,0.0,1.0,0.0,0.4630333832518303,0.0,155.37859716415966,0.61,0.9767970618543558,0.03,0.2533286573233662,0.675501582714492,0.1,0.5,1.05,0.6835500000000001
31,0.5961538461538461,0.1764002262414585,0.3938340746510858,0.0,1.0,0.0,0.47679200002088673,0.0,157.20130763089307,0.61,0.9767970618543558,0.03,0.24743552505846142,0.6811561146670355,0.1,0.5,1.05,0.6835500000000001
32,0.6153846153846154,0.15351463655283307,0.3886455634532312,0.0,1.0,0.0,0.4903604621471678,0.0,159.04539989348626,0.61,0.9767970618543558,0.03,0.24179579748094757,0.686992519339429,0.1,0.5,1.05,0.6835500000000001
33,0.6346153846153846,0.12980140161568657,0.38339050479284936,0.0,1.0,0.0,0.5037490483814597,0.0,160.91112477685218,0.61,0.9767970618543558,0.03,0.23639857818926682,0.6930090054316366,0.1,0.5,1.05,0.6835500000000001
34,0.6538461538461539,0.10526940685576909,0.37805949333151956,0.0,1.0,0.0,0.5169675511901577,0.0,162.79873604827296,0.61,0.9767970618543558,0.03,0.23123343932712834,0.6992041092488465,0.1,0.5,1.05,0.6835500000000001
35,0.6730769230769231,0.07992478828112887,0.3726443846067956,0.0,1.0,0.0,0.5300253114516883,0.0,164.70849045191616,0.61,0.9767970618543558,0.03,0.22629040143606183,0.7055766803438466,0.1,0.5,1.05,0.6835500000000001
36,0.6923076923076923,0.053771091104967986,0.367138091770117,0.0,1.0,0.0,0.5429312505462792,0.0,166.64064774375598,0.61,0.9767970618543558,0.03,0.22155991417431117,0.7121258687128131,0.1,0.5,1.05,0.6835500000000001
37,0.7115384615384616,0.026809406586277375,0.36153440823501953,0.0,1.0,0.0,0.5556939000731772,0.0,168.5954707269039,0.61,0.9767970618543558,0.03,0.21703283786481578,0.7188511134220332,0.1,0.5,1.05,0.6835500000000001
38,0.7307692307692307,0.0,0.3558278530100866,0.0,1.0,0.0,0.5683214294073938,0.0,170.57322528735412,0.61,0.9767970618543558,0.03,0.2127004258366287,0.7257521325570484,0.1,0.5,1.05,0.6835500000000001
39,0.75,0.0,0.3500377709036527,0.0,1.0,0.0,0.5808208957309339,0.0,172.5741804301481,0.61,0.9767970618543558,0.03,0.20855430752565368,0.7328288985028909,0.1,0.5,1.05,0.6835500000000001
40,0.7692307692307693,0.0,0.3448531000748393,0.0,1.0,0.0,0.593177878087669,0.0,174.5986083159633,0.61,0.9767970618543558,0.03,0.20458647230205057,0.7400811920095476,0.1,0.5,1.05,0.6835500000000001
41,0.7884615384615384,0.0,0.34020554236998657,0.0,1.0,0.0,0.6053998520944462,0.0,176.64678429813137,0.61,0.9767970618543558,0.03,0.2007892539930624,0.7475090465035908,0.1,0.5,1.05,0.6835500000000001
42,0.8076923076923077,0.0,0.3360344228899996,0.0,1.0,0.0,0.6174940194927685,0.0,178.71898696009023,0.61,0.9767970618543558,0.03,0.19715531607136075,0.7551127413588641,0.1,0.5,1.05,0.6835500000000001
43,0.8269230769230769,0.0,0.3322858550320745,0.0,1.0,0.0,0.6294673266384293,0.0,180.8154981532759,0.61,0.9767970618543558,0.03,0.19367763748029224,0.762892796117265,0.1,0.5,1.05,0.6835500000000001
44,0.8461538461538461,0.0,0.3289119944654504,0.0,1.0,0.0,0.6413264818509377,0.0,182.93660303545857,0.61,0.9767970618543558,0.03,0.19034949906863965,0.7708499656043177,0.1,0.5,1.05,0.6835500000000001
45,0.8653846153846154,0.0,0.32587037292462,0.0,1.0,0.0,0.6530779717190965,0.0,185.08259010952838,0.61,0.9767970618543558,0.03,0.18716447060868813,0.7789852358910802,0.1,0.5,1.05,0.6835500000000001
46,0.8846153846153846,0.0,0.32312330358665303,0.0,1.0,0.0,0.6647280764509256,0.0,187.25375126273633,0.61,0.9767970618543558,0.03,0.1841163983725145,0.7872998210601841,0.1,0.5,1.05,0.6835500000000001
47,0.9038461538461539,0.0,0.32063735060455323,0.0,1.0,0.0,0.6762828843487814,0.0,189.45038180639537,0.61,0.9767970618543558,0.03,0.1811993932424964,0.7957951607395309,0.1,0.5,1.05,0.6835500000000001
48,0.9230769230769231,0.0,0.3183828561015643,0.0,1.0,0.0,0.6877483054839354,0.0,191.67278051604734,0.61,0.9767970618543558,0.03,0.17840781933306904,0.8044729183724377,0.1,0.5,1.05,0.6835500000000001
49,0.9423076923076923,0.0,0.3163335185975471,0.0,1.0,0.0,0.6991300846389539,0.0,193.921249672101,0.61,0.9767970618543558,0.03,0.17573628310174708,0.8133349801979102,0.1,0.5,1.05,0.6835500000000001
50,0.9615384615384616,0.0,0.3144660174432,0.0,1.0,0.0,0.7104338135809007,0.0,196.19609510094682,0.61,0.9767970618543558,0.03,0.17317962292837197,0.8223834549192531,0.1,0.5,1.05,0.6835500000000001
51,0.9807692307692307,0.0,0.3127596783859533,0.0,1.0,0.0,0.7216649427236086,0.0,198.4976262165541,0.61,0.9767970618543558,0.03,0.170732899142452,0.831620674043489,0.1,0.5,1.05,0.6835500000000001
52,1.0,0.0,0.311196175887516,0.0,1.0,0.0,0.7328287922329697,0.0,200.826156062556,0.61,0.9767970618543558,0.03,0.16839138447932658,0.8410491928780601,0.1,0.5,1.05,0.6835500000000001
53,1.0192307692307692,0.0,0.3097592682616898,0.0,1.0,0.0,0.7439305626253484,0.0,203.18200135482832,0.61,0.9767970618543558,0.03,0.16615055494671555,0.8506717921750999,0.1,0.5,1.05,0.6835500000000001
54,1.0384615384615385,0.0,0.30843456210629094,0.0,1.0,0.0,0.7549753449057618,0.0,205.56548252456767,0.61,0.9767970618543558,0.03,0.16400608108400677,0.8604914804172039,0.1,0.5,1.05,0.6835500000000001
55,1.0576923076923077,0.0,0.3072093028686628,0.0,1.0,0.0,0.7659681302893849,0.0,207.97692376187513,0.61,0.9767970618543558,0.03,0.1619538195973945,0.8705114967421415,0.1,0.5,1.05,0.6835500000000001
56,1.0769230769230769,0.0,0.3060721887138594,0.0,1.0,0.0,0.776913819547175,0.0,210.416653059851,0.61,0.9767970618543558,0.03,0.15998980535470653,0.8807353145073685,0.1,0.5,1.05,0.6835500000000001
57,1.0961538461538463,0.0,0.30501320516141434,0.0,1.0,0.0,0.7878172320139474,0.0,212.88500225920697,0.61,0.9767970618543558,0.03,0.15811024372445412,0.8911666454985532,0.1,0.5,1.05,0.6835500000000001
58,1.1153846153846154,0.0,0.3040234782237024,0.0,1.0,0.0,0.7986831142950529,0.0,215.38230709340152,0.61,0.9767970618543558,0.03,0.15631150324430257,0.9018094447896332,0.1,0.5,1.05,0.6835500000000001
59,1.1346153846153846,0.0,0.30309514401902493,0.0,1.0,0.0,0.809516148705875,0.0,217.9089072343049,0.61,0.9767970618543558,0.03,0.15459010860479755,0.9126679162652345,0.1,0.5,1.05,0.6835500000000001
60,1.1538461538461537,0.0,0.30222123304826515,0.0,1.0,0.0,0.8203209614766711,0.0,220.46514633839965,0.61,0.9767970618543558,0.03,0.15294273393479127,0.923746518819595,0.1,0.5,1.05,0.6835500000000001
61,1.1730769230769231,0.0,0.3013955675175899,0.0,1.0,0.0,0.8311021307538069,0.0,223.0513720935232,0.61,0.9767970618543558,0.03,0.15136619637559526,0.9350499732495071,0.1,0.5,1.05,0.6835500000000001
62,1.1923076923076923,0.0,0.30061267026336114,0.0,1.0,0.0,0.8418641944271604,0.0,225.6679362661588,0.61,0.9767970618543558,0.03,0.14985744993144465,0.946583269862227,0.1,0.5,1.05,0.6835500000000001
63,1.2115384615384615,0.0,0.29986768399110547,0.0,1.0,0.0,0.8526116578123948,0.0,228.31519474928106,0.61,0.9767970618543558,0.03,0.14841357958439252,0.9583516768228388,0.1,0.5,1.05,0.6835500000000001
64,1.2307692307692308,0.0,0.2991562996798464,0.0,1.0,0.0,0.8633490012159019,0.0,230.99350761076303,0.61,0.9767970618543558,0.03,0.14703179566226363,0.9703607492692218,0.1,0.5,1.05,0.6835500000000001
65,1.25,0.0,0.29847469312794445,0.0,1.0,0.0,0.874080687409495,0.0,233.70323914235084,0.61,0.9767970618543558,0.03,0.1457094284487863,0.9826163392265886,0.1,0.5,1.05,0.6835500000000001
66,1.2692307692307692,0.0,0.29781946872827514,0.0,1.0,0.0,0.8848111690413758,0.0,236.44475790921305,0.61,0.9767970618543558,0.03,0.14444392302548847,0.9951246063575679,0.1,0.5,1.05,0.6835500000000001
67,1.2884615384615385,0.0,0.29718760966043267,0.0,1.0,0.0,0.8955448960095028,0.0,239.21843680007115,0.61,0.9767970618543558,0.03,0.14323283433539247,1.0078920295880243,0.1,0.5,1.05,0.6835500000000001
68,1.3076923076923077,0.0,0.29657643377688087,0.0,1.0,0.0,0.906286322823256,0.0,242.02465307791815,0.61,0.9767970618543558,0.03,0.1420738224589706,1.0209254196532833,0.1,0.5,1.05,0.6835500000000001
69,1.3269230769230769,0.0,0.29598355453966224,0.0,1.0,0.0,0.9170399159792098,0.0,244.8637884313322,0.61,0.9767970618543558,0.03,0.14096464809323486,1.0342319326141864,0.1,0.5,1.05,0.6835500000000001
70,1.3461538461538463,0.0,0.295406846435412,0.0,1.0,0.0,0.9278101613769014,0.0,247.7362290263921,0.61,0.9767970618543558,0.03,0.13990316822522578,1.0478190843974837,0.1,0.5,1.05,0.6835500000000001
71,1.3653846153846154,0.0,0.2948444143598862,0.0,1.0,0.0,0.9386015718007145,0.0,250.64236555920172,0.61,0.9767970618543558,0.03,0.13888733199154107,1.061694766420529,0.1,0.5,1.05,0.6835500000000001
72,1.3846153846153846,0.0,0.29429456651979974,0.0,1.0,0.0,0.9494186944943803,0.0,253.58259330903084,0.61,0.9767970618543558,0.03,0.1379151767159048,1.0758672623660985,0.1,0.5,1.05,0.6835500000000001
73,1.4038461538461537,0.0,0.2937557904502084,0.0,1.0,0.0,0.9602661188551553,0.0,256.5573121920791,0.61,0.9767970618543558,0.03,0.13698482411712087,1.0903452661794888,0.1,0.5,1.05,0.6835500000000001
74,1.4230769230769231,0.0,0.29322673179059566,0.0,1.0,0.0,0.9711484842754401,0.0,259.56692681587083,0.61,0.9767970618543558,0.03,0.1360944766800847,1.105137901366886,0.1,0.5,1.05,0.6835500000000001
75,1.4423076923076923,0.0,0.2927061755028328,0.0,1.0,0.0,0.9820704881605011,0.0,262.6118465342878,0.61,0.9767970618543558,0.03,0.13524241418284105,1.1202547416814295,0.1,0.5,1.05,0.6835500000000001
76,1.4615384615384615,0.0,0.2921930292497847,0.0,1.0,0.0,0.9930368941520195,0.0,265.6924855032477,0.61,0.9767970618543558,0.03,0.13442699037297892,1.135705833291448,0.1,0.5,1.05,0.6835500000000001
77,1.4807692307692308,0.0,0.2917076229190009,0.0,1.0,0.0,1.0,0.0,268.80926273703585,0.61,0.9767970618543558,0.03,0.1336466297869408,1.1513738039099917,0.1,0.5,1.05,0.6835500000000001
78,1.5,0.0,0.2912831603024667,0.0,1.0,0.0,1.0,0.0,271.96260216529726,0.61,0.9767970618543558,0.03,0.13289982470610234,1.1670417745285353,0.1,0.5,1.05,0.6835500000000001
79,1.5192307692307692,0.0,0.29091198979765664,0.0,1.0,0.0,1.0,0.0,275.15293269069787,0.61,0.9767970618543558,0.03,0.13218513224373996,1.182709745147079,0.1,0.5,1.05,0.6835500000000001
80,1.5384615384615385,0.0,0.2905874204757082,0.0,1.0,0.0,1.0,0.0,278.38068824726184,0.61,0.9767970618543558,0.03,0.13150117155725916,1.1983777157656226,0.1,0.5,1.05,0.6835500000000001
81,1.5576923076923077,0.0,0.2903036014669645,0.0,1.0,0.0,1.0,0.0,281.64630785939323,0.61,0.9767970618543558,0.03,0.13084662118029702,1.2140456863841662,0.1,0.5,1.05,0.6835500000000001
82,1.5769230769230769,0.0,0.2900554164898981,0.0,1.0,0.0,1.0,0.0,284.95023570159,0.61,0.9767970618543558,0.03,0.13022021646954426,1.2297136570027098,0.1,0.5,1.05,0.6835500000000001
83,1.5961538461538463,0.0,0.28983839162213426,0.0,1.0,0.0,1.0,0.0,288.29292115885863,0.61,0.9767970618543558,0.03,0.12962074716135386,1.2453816276212535,0.1,0.5,1.05,0.6835500000000001
84,1.6153846153846154,0.0,0.28964861465100317,0.0,1.0,0.0,1.0,0.0,291.6748188878376,0.61,0.9767970618543558,0.03,0.12904705503341565,1.2610495982397971,0.1,0.5,1.05,0.6835500000000001
85,1.6346153846153846,0.0,0.28948266454978766,0.0,1.0,0.0,1.0,0.0,295.09638887863724,0.61,0.9767970618543558,0.03,0.1284980316669788,1.2767175688583408,0.1,0.5,1.05,0.6835500000000001
86,1.6538461538461537,0.0,0.2893375498083662,0.0,1.0,0.0,1.0,0.0,298.5580965174059,0.61,0.9767970618543558,0.03,0.12797261630529871,1.2923855394768844,0.1,0.5,1.05,0.6835500000000001
87,1.6730769230769231,0.0,0.28921065450656414,0.0,1.0,0.0,1.0,0.0,302.0604126496293,0.61,0.9767970618543558,0.03,0.12746979380417087,1.308053510095428,0.1,0.5,1.05,0.6835500000000001
88,1.6923076923076923,0.0,0.28909969115810136,0.0,1.0,0.0,1.0,0.0,305.60381364417304,0.61,0.9767970618543558,0.03,0.12698859267059154,1.3237214807139717,0.1,0.5,1.05,0.6835500000000001
89,1.7115384615384615,0.0,0.2890026594750744,0.0,1.0,0.0,1.0,0.0,309.1887814580759,0.61,0.9767970618543558,0.03,0.12652808318575612,1.3393894513325153,0.1,0.5,1.05,0.6835500000000001
90,1.7307692307692308,0.0,0.2889178103096385,0.0,1.0,0.0,1.0,0.0,312.8158037021033,0.61,0.9767970618543558,0.03,0.12608737560876862,1.355057421951059,0.1,0.5,1.05,0.6835500000000001
91,1.75,0.0,0.2888436141228818,0.0,1.0,0.0,1.0,0.0,316.4853737070703,0.61,0.9767970618543558,0.03,0.12566561845759158,1.3707253925696026,0.1,0.5,1.05,0.6835500000000001
92,1.7692307692307692,0.0,0.2887787334124948,0.0,1.0,0.0,1.0,0.0,320.19799059094174,0.61,0.9767970618543558,0.03,0.12526199686391515,1.3863933631881462,0.1,0.5,1.05,0.6835500000000001
93,1.7884615384615385,0.0,0.28872199860219894,0.0,1.0,0.0,1.0,0.0,323.9541593267201,0.61,0.9767970618543558,0.03,0.12487573099876678,1.4020613338066898,0.1,0.5,1.05,0.6835500000000001
94,1.8076923076923077,0.0,0.28867238695830494,0.0,1.0,0.0,1.0,0.0,327.7543908111297,0.61,0.9767970618543558,0.03,0.1245060745658198,1.4177293044252335,0.1,0.5,1.05,0.6835500000000001
95,1.8269230769230769,0.0,0.28862900415333853,0.0,1.0,0.0,1.0,0.0,331.5992019341065,0.61,0.9767970618543558,0.03,0.12415231335948954,1.4333972750437771,0.1,0.5,1.05,0.6835500000000001
96,1.8461538461538463,0.0,0.28859106814438934,0.0,1.0,0.0,1.0,0.0,335.48911564910276,0.61,0.9767970618543558,0.03,0.1238137638850315,1.4490652456623208,0.1,0.5,1.05,0.6835500000000001
97,1.8653846153846154,0.0,0.28855789507556384,0.0,1.0,0.0,1.0,0.0,339.42466104421726,0.61,0.9767970618543558,0.03,0.12348977203797515,1.4647332162808644,0.1,0.5,1.05,0.6835500000000001
98,1.8846153846153846,0.0,0.28852888695041345,0.0,1.0,0.0,1.0,0.0,343.4063734141591,0.61,0.9767970618543558,0.03,0.12317971184034222,1.480401186899408,0.1,0.5,1.05,0.6835500000000001
99,1.9038461538461537,0.0,0.28850352085211356,0.0,1.0,0.0,1.0,0.0,347.43479433305595,0.61,0.9767970618543558,0.03,0.12288298423120751,1.4960691575179517,0.1,0.5,1.05,0.6835500000000001
100,1.9230769230769231,0.0,0.28848133951706945,0.0,1.0,0.0,1.0,0.0,351.51047172811684,0.61,0.9767970618543558,0.03,0.1225990159092656,1.5117371281364953,0.1,0.5,1.05,0.6835500000000001
101,1.9423076923076923,0.0,0.2884619430920252,0.0,1.0,0.0,1.0,0.0,355.63395995415823,0.61,0.9767970618543558,0.03,0.12232725822516717,1.527405098755039,0.1,0.5,1.05,0.6835500000000001
102,1.9615384615384615,0.0,0.28844498192608325,0.0,1.0,0.0,1.0,0.0,359.8058198690051,0.61,0.9767970618543558,0.03,0.12206718612148498,1.5430730693735826,0.1,0.5,1.05,0.6835500000000001
103,1.9807692307692308,0.0,0.28843015026770014,0.0,1.0,0.0,1.0,0.0,364.0266189097762,0.61,0.9767970618543558,0.03,0.12181829711826112,1.5587410399921262,0.1,0.5,1.05,0.6835500000000001
104,2.0,0.0,0.28841718075303674,0.0,1.0,0.0,1.0,0.0,368.29693117006394,0.61,0.9767970618543558,0.03,0.12158011034217588,1.5744090106106698,0.1,0.5,1.05,0.6835500000000001
105,2.019230769230769,0.0,0.2884058395863067,0.0,1.0,0.0,1.0,0.0,372.6173374780205,0.61,0.9767970618543558,0.03,0.12135216559746231,1.5900769812292135,0.1,0.5,1.05,0.6835500000000001
106,2.0384615384615383,0.0,0.28839592232524214,0.0,1.0,0.0,1.0,0.0,376.98842547535884,0.61,0.9767970618543558,0.03,0.12113402247677142,1.6057449518477571,0.1,0.5,1.05,0.6835500000000001
107,2.0576923076923075,0.0,0.2883872501957017,0.0,1.0,0.0,1.0,0.0,381.41078969728136,0.61,0.9767970618543558,0.03,0.12092525951027024,1.6214129224663008,0.1,0.5,1.05,0.6835500000000001
108,2.076923076923077,0.0,0.28837966686898714,0.0,1.0,0.0,1.0,0.0,385.88503165334566,0.61,0.9767970618543558,0.03,0.12072547335132862,1.6370808930848444,0.1,0.5,1.05,0.6835500000000001
109,2.0961538461538463,0.0,0.28837303564377403,0.0,1.0,0.0,1.0,0.0,390.41175990927917,0.61,0.9767970618543558,0.03,0.12053427799722151,1.652748863703388,0.1,0.5,1.05,0.6835500000000001
110,2.1153846153846154,0.0,0.2883672369818566,0.0,1.0,0.0,1.0,0.0,394.99159016975347,0.61,0.9767970618543558,0.03,0.12035130404334099,1.6684168343219317,0.1,0.5,1.05,0.6835500000000001
111,2.1346153846153846,0.0,0.28836216635328465,0.0,1.0,0.0,1.0,0.0,399.62514536212944,0.61,0.9767970618543558,0.03,0.12017619796947732,1.6840848049404753,0.1,0.5,1.05,0.6835500000000001
112,2.1538461538461537,0.0,0.2883577323520477,0.0,1.0,0.0,1.0,0.0,404.3130557211852,0.61,0.9767970618543558,0.03,0.12000862145678978,1.699752775559019,0.1,0.5,1.05,0.6835500000000001
113,2.173076923076923,0.0,0.2883538550483386,0.0,1.0,0.0,1.0,0.0,409.0559588748376,0.61,0.9767970618543558,0.03,0.11984825073414783,1.7154207461775626,0.1,0.5,1.05,0.6835500000000001
114,2.1923076923076925,0.0,0.288350464547694,0.0,1.0,0.0,1.0,0.0,413.8544999308694,0.61,0.9767970618543558,0.03,0.11969477595257948,1.7310887167961062,0.1,0.5,1.05,0.6835500000000001
115,2.2115384615384617,0.0,0.2883474997310368,0.0,1.0,0.0,1.0,0.0,418.70933156467385,0.61,0.9767970618543558,0.03,0.11954790058661856,1.7467566874146498,0.1,0.5,1.05,0.6835500000000001
116,2.230769230769231,0.0,0.28834490715290995,0.0,1.0,0.0,1.0,0.0,423.62111410802873,0.61,0.9767970618543558,0.03,0.11940734086139396,1.7624246580331935,0.1,0.5,1.05,0.6835500000000001
117,2.25,0.0,0.28834264007803784,0.0,1.0,0.0,1.0,0.0,428.5905156389114,0.61,0.9767970618543558,0.03,0.11927282520435402,1.7780926286517371,0.1,0.5,1.05,0.6835500000000001
118,2.269230769230769,0.0,0.2883406576388501,0.0,1.0,0.0,1.0,0.0,433.61821207236795,0.61,0.9767970618543558,0.03,0.1191440937205668,1.7937605992702808,0.1,0.5,1.05,0.6835500000000001
119,2.2884615384615383,0.0,0.28833892409877987,0.0,1.0,0.0,1.0,0.0,438.7048872524477,0.61,0.9767970618543558,0.03,0.11902089769058243,1.8094285698888244,0.1,0.5,1.05,0.6835500000000001
120,2.3076923076923075,0.0,0.2883374082080562,0.0,1.0,0.0,1.0,0.0,443.8512330452168,0.61,0.9767970618543558,0.03,0.11890299908988738,1.825096540507368,0.1,0.5,1.05,0.6835500000000001
121,2.326923076923077,0.0,0.2883360826403778,0.0,1.0,0.0,1.0,0.0,449.05794943286264,0.61,0.9767970618543558,0.03,0.11879017012902224,1.8407645111259117,0.1,0.5,1.05,0.6835500000000001
122,2.3461538461538463,0.0,0.2883349235003142,0.0,1.0,0.0,1.0,0.0,454.325744608902,0.61,0.9767970618543558,0.03,0.11868219281347428,1.8564324817444553,0.1,0.5,1.05,0.6835500000000001
123,2.3653846153846154,0.0,0.28833390989255275,0.0,1.0,0.0,1.0,0.0,459.6553350745065,0.61,0.9767970618543558,0.03,0.11857885852249489,1.872100452362999,0.1,0.5,1.05,0.6835500000000001
124,2.3846153846153846,0.0,0.2883330235452283,0.0,1.0,0.0,1.0,0.0,465.0474457359575,0.61,0.9767970618543558,0.03,0.11847996760602761,1.8877684229815426,0.1,0.5,1.05,0.6835500000000001
125,2.4038461538461537,0.0,0.288332248480544,0.0,1.0,0.0,1.0,0.0,470.50281000324475,0.61,0.9767970618543558,0.03,0.11838532899896842,1.9034363936000862,0.1,0.5,1.05,0.6835500000000001
126,2.423076923076923,0.0,0.28833157072674687,0.0,1.0,0.0,1.0,0.0,476.0221698898213,0.61,0.9767970618543558,0.03,0.11829475985201279,1.9191043642186298,0.1,0.5,1.05,0.6835500000000001
127,2.4423076923076925,0.0,0.28833097806626456,0.0,1.0,0.0,1.0,0.0,481.6062761135289,0.61,0.9767970618543558,0.03,0.11820808517837623,1.9347723348371735,0.1,0.5,1.05,0.6835500000000001
128,2.4615384615384617,0.0,0.288330459815465,0.0,1.0,0.0,1.0,0.0,487.2558881987069,0.61,0.9767970618543558,0.03,0.11812513751570607,1.9504403054557171,0.1,0.5,1.05,0.6835500000000001
129,2.480769230769231,0.0,0.28833000663206704,0.0,1.0,0.0,1.0,0.0,492.9717745794994,0.61,0.9767970618543558,0.03,0.11804575660253071,1.9661082760742608,0.1,0.5,1.05,0.6835500000000001
130,2.5,0.0,0.28832961034673105,0.0,1.0,0.0,1.0,0.0,498.75471270437436,0.61,0.9767970618543558,0.03,0.11796978906862189,1.9817762466928044,0.1,0.5,1.05,0.6835500000000001
131,2.519230769230769,0.0,0.2883292638157941,0.0,1.0,0.0,1.0,0.0,504.605489141868,0.61,0.9767970618543558,0.03,0.11789708813867115,1.997444217311348,0.1,0.5,1.05,0.6835500000000001
132,2.5384615384615383,0.0,0.2883289607924941,0.0,1.0,0.0,1.0,0.0,510.5248996875707,0.61,0.9767970618543558,0.03,0.11782751334870831,2.0131121879298917,0.1,0.5,1.05,0.6835500000000001
133,2.5576923076923075,0.0,0.28832869581436205,0.0,1.0,0.0,1.0,0.0,516.5137494723673,0.61,0.9767970618543558,0.03,0.11776093027471385,2.028780158548435,0.1,0.5,1.05,0.6835500000000001
134,2.576923076923077,0.0,0.28832846410475277,0.0,1.0,0.0,1.0,0.0,522.5728530719471,0.61,0.9767970618543558,0.03,0.11769721027290114,2.0444481291669785,0.1,0.5,1.05,0.6835500000000001
135,2.5961538461538463,0.0,0.2883282614867382,0.0,1.0,0.0,1.0,0.0,528.7030346175987,0.61,0.9767970618543558,0.03,0.11763623023116639,2.060116099785522,0.1,0.5,1.05,0.6835500000000001
136,2.6153846153846154,0.0,0.2883280843078116,0.0,1.0,0.0,1.0,0.0,534.9051279083052,0.61,0.9767970618543558,0.03,0.11757787233122624,2.0757840704040653,0.1,0.5,1.05,0.6835500000000001
137,2.6346153846153846,0.0,0.28832792937404583,0.0,1.0,0.0,1.0,0.0,541.1799765241527,0.61,0.9767970618543558,0.03,0.1175220238209835,2.0914520410226087,0.1,0.5,1.05,0.6835500000000001
138,2.6538461538461537,0.0,0.28832779389251734,0.0,1.0,0.0,1.0,0.0,547.5284339410707,0.61,0.9767970618543558,0.03,0.11746857679668121,2.107120011641152,0.1,0.5,1.05,0.6835500000000001
139,2.673076923076923,0.0,0.28832767542095983,0.0,1.0,0.0,1.0,0.0,553.9513636469179,0.61,0.9767970618543558,0.03,0.11741742799442392,2.1227879822596956,0.1,0.5,1.05,0.6835500000000001
140,2.6923076923076925,0.0,0.288327571823738,0.0,1.0,0.0,1.0,0.0,560.4496392589299,0.61,0.9767970618543558,0.03,0.1173684785906637,2.138455952878239,0.1,0.5,1.05,0.6835500000000001
141,2.7115384615384617,0.0,0.28832748123335006,0.0,1.0,0.0,1.0,0.0,567.0241446425443,0.61,0.9767970618543558,0.03,0.11732163401126515,2.1541239234967824,0.1,0.5,1.05,0.6835500000000001
142,2.730769230769231,0.0,0.2883274020167625,0.0,1.0,0.0,1.0,0.0,573.6757740316204,0.61,0.9767970618543558,0.03,0.11727680374878074,2.169791894115326,0.1,0.5,1.05,0.6835500000000001
143,2.75,0.0,0.28832733274597244,0.0,1.0,0.0,1.0,0.0,580.4054321500683,0.61,0.9767970618543558,0.03,0.11723390118758317,2.185459864733869,0.1,0.5,1.05,0.6835500000000001
144,2.769230769230769,0.0,0.28832727217226556,0.0,1.0,0.0,1.0,0.0,587.2140343349057,0.61,0.9767970618543558,0.03,0.1171928434365171,2.2011278353524126,0.1,0.5,1.05,0.6835500000000001
145,2.7884615384615383,0.0,0.2883272192037061,0.0,1.0,0.0,1.0,0.0,594.1025066607575,0.61,0.9767970618543558,0.03,0.11715355116874687,2.216795805970956,0.1,0.5,1.05,0.6835500000000001
146,2.8076923076923075,0.0,0.2883271728854528,0.0,1.0,0.0,1.0,0.0,601.0717860658165,0.61,0.9767970618543558,0.03,0.11711594846849077,2.2324637765894995,0.1,0.5,1.05,0.6835500000000001
147,2.826923076923077,0.0,0.2883271323825468,0.0,1.0,0.0,1.0,0.0,608.1228204792809,0.61,0.9767970618543558,0.03,0.11707996268434567,2.248131747208043,0.1,0.5,1.05,0.6835500000000001
148,2.8461538461538463,0.0,0.2883270969648599,0.0,1.0,0.0,1.0,0.0,615.2565689502879,0.61,0.9767970618543558,0.03,0.1170455242889188,2.2637997178265863,0.1,0.5,1.05,0.6835500000000001
149,2.8653846153846154,0.0,0.2883270659939329,0.0,1.0,0.0,1.0,0.0,622.4740017783587,0.61,0.9767970618543558,0.03,0.1170125667444953,2.2794676884451297,0.1,0.5,1.05,0.6835500000000001
150,2.8846153846153846,0.0,0.28832703891146627,0.0,1.0,0.0,1.0,0.0,629.7761006453741,0.61,0.9767970618543558,0.03,0.116981026374482,2.295135659063673,0.1,0.5,1.05,0.6835500000000001
151,2.9038461538461537,0.0,0.28832701522925636,0.0,1.0,0.0,1.0,0.0,637.1638587490987,0.61,0.9767970618543558,0.03,0.11695084224037929,2.3108036296822165,0.1,0.5,1.05,0.6835500000000001
152,2.923076923076923,0.0,0.2883269945203942,0.0,1.0,0.0,1.0,0.0,644.6382809382709,0.61,0.9767970618543558,0.03,0.11692195602404298,2.32647160030076,0.1,0.5,1.05,0.6835500000000001
153,2.9423076923076925,0.0,0.2883269764115702,0.0,1.0,0.0,1.0,0.0,652.2003838492776,0.61,0.9767970618543558,0.03,0.11689431191500914,2.3421395709193034,0.1,0.5,1.05,0.6835500000000001
154,2.9615384615384617,0.0,0.2883269605763445,0.0,1.0,0.0,1.0,0.0,659.8511960444326,0.61,0.9767970618543558,0.03,0.11686785650266375,2.3578075415378468,0.1,0.5,1.05,0.6835500000000001
155,2.980769230769231,0.0,0.2883269467292623,0.0,1.0,0.0,1.0,0.0,667.591758151877,0.61,0.9767970618543558,0.03,0.11684253867304921,2.37347551215639,0.1,0.5,1.05,0.6835500000000001
